congress,date,party
1990_hamburg,10/1/1990,CDU
1990_hamburg,10/1/1990,CDU
1990_hamburg,10/1/1990,CDU
1990_hamburg,10/1/1990,CDU
1990_hamburg,10/1/1990,CDU
1990_hamburg,10/1/1990,CDU
1990_hamburg,10/1/1990,CDU
1990_hamburg,10/1/1990,CDU
1990_hamburg,10/1/1990,CDU
1990_hamburg,10/1/1990,CDU
1990_hamburg,10/1/1990,CDU
1990_hamburg,10/1/1990,CDU
1990_hamburg,10/1/1990,CDU
1990_hamburg,10/1/1990,CDU
1990_hamburg,10/1/1990,CDU
1990_hamburg,10/1/1990,CDU
1990_hamburg,10/1/1990,CDU
1990_hamburg,10/1/1990,CDU
1990_hamburg,10/1/1990,CDU
1990_hamburg,10/1/1990,CDU
1990_hamburg,10/1/1990,CDU
1990_hamburg,10/1/1990,CDU
1990_hamburg,10/1/1990,CDU
1990_hamburg,10/1/1990,CDU
1990_hamburg,10/1/1990,CDU
1990_hamburg,10/1/1990,CDU
1990_hamburg,10/1/1990,CDU
1990_hamburg,10/1/1990,CDU
1990_hamburg,10/1/1990,CDU
1990_hamburg,10/1/1990,CDU
1990_hamburg,10/1/1990,CDU
1990_hamburg,10/1/1990,CDU
1990_hamburg,10/1/1990,CDU
1990_hamburg,10/1/1990,CDU
1990_hamburg,10/1/1990,CDU
1990_hamburg,10/1/1990,CDU
1990_hamburg,10/1/1990,CDU
1990_hamburg,10/1/1990,CDU
1990_hamburg,10/1/1990,CDU
1990_hamburg,10/1/1990,CDU
1990_hamburg,10/1/1990,CDU
1990_hamburg,10/1/1990,CDU
1990_hamburg,10/1/1990,CDU
1990_hamburg,10/1/1990,CDU
1990_hamburg,10/1/1990,CDU
1990_hamburg,10/1/1990,CDU
1990_hamburg,10/1/1990,CDU
1990_hamburg,10/1/1990,CDU
1990_hamburg,10/1/1990,CDU
1990_hamburg,10/1/1990,CDU
1990_hamburg,10/1/1990,CDU
1990_hamburg,10/1/1990,CDU
1990_hamburg,10/1/1990,CDU
1990_hamburg,10/1/1990,CDU
1990_hamburg,10/1/1990,CDU
1990_hamburg,10/1/1990,CDU
1990_hamburg,10/1/1990,CDU
1990_hamburg,10/1/1990,CDU
1991_dresden,12/15/1991,CDU
1991_dresden,12/15/1991,CDU
1991_dresden,12/15/1991,CDU
1991_dresden,12/15/1991,CDU
1991_dresden,12/15/1991,CDU
1991_dresden,12/15/1991,CDU
1991_dresden,12/15/1991,CDU
1991_dresden,12/15/1991,CDU
1991_dresden,12/15/1991,CDU
1991_dresden,12/15/1991,CDU
1991_dresden,12/15/1991,CDU
1991_dresden,12/15/1991,CDU
1991_dresden,12/15/1991,CDU
1991_dresden,12/15/1991,CDU
1991_dresden,12/15/1991,CDU
1991_dresden,12/15/1991,CDU
1991_dresden,12/15/1991,CDU
1991_dresden,12/15/1991,CDU
1991_dresden,12/15/1991,CDU
1991_dresden,12/15/1991,CDU
1991_dresden,12/15/1991,CDU
1991_dresden,12/15/1991,CDU
1991_dresden,12/15/1991,CDU
1991_dresden,12/15/1991,CDU
1991_dresden,12/15/1991,CDU
1991_dresden,12/15/1991,CDU
1991_dresden,12/15/1991,CDU
1991_dresden,12/15/1991,CDU
1991_dresden,12/15/1991,CDU
1991_dresden,12/15/1991,CDU
1991_dresden,12/15/1991,CDU
1991_dresden,12/15/1991,CDU
1991_dresden,12/15/1991,CDU
1991_dresden,12/15/1991,CDU
1991_dresden,12/15/1991,CDU
1991_dresden,12/15/1991,CDU
1991_dresden,12/15/1991,CDU
1991_dresden,12/15/1991,CDU
1991_dresden,12/15/1991,CDU
1991_dresden,12/15/1991,CDU
1991_dresden,12/15/1991,CDU
1991_dresden,12/15/1991,CDU
1991_dresden,12/15/1991,CDU
1991_dresden,12/15/1991,CDU
1991_dresden,12/15/1991,CDU
1991_dresden,12/15/1991,CDU
1991_dresden,12/15/1991,CDU
1991_dresden,12/15/1991,CDU
1991_dresden,12/15/1991,CDU
1991_dresden,12/15/1991,CDU
1991_dresden,12/15/1991,CDU
1991_dresden,12/15/1991,CDU
1991_dresden,12/15/1991,CDU
1991_dresden,12/15/1991,CDU
1991_dresden,12/15/1991,CDU
1991_dresden,12/15/1991,CDU
1991_dresden,12/15/1991,CDU
1991_dresden,12/15/1991,CDU
1991_dresden,12/15/1991,CDU
1991_dresden,12/15/1991,CDU
1991_dresden,12/15/1991,CDU
1991_dresden,12/15/1991,CDU
1991_dresden,12/15/1991,CDU
1991_dresden,12/15/1991,CDU
1991_dresden,12/15/1991,CDU
1992_duesseldorf,10/26/1992,CDU
1992_duesseldorf,10/26/1992,CDU
1992_duesseldorf,10/26/1992,CDU
1992_duesseldorf,10/26/1992,CDU
1992_duesseldorf,10/26/1992,CDU
1992_duesseldorf,10/26/1992,CDU
1992_duesseldorf,10/26/1992,CDU
1992_duesseldorf,10/26/1992,CDU
1992_duesseldorf,10/26/1992,CDU
1992_duesseldorf,10/26/1992,CDU
1992_duesseldorf,10/26/1992,CDU
1992_duesseldorf,10/26/1992,CDU
1992_duesseldorf,10/26/1992,CDU
1992_duesseldorf,10/26/1992,CDU
1992_duesseldorf,10/26/1992,CDU
1992_duesseldorf,10/26/1992,CDU
1992_duesseldorf,10/26/1992,CDU
1992_duesseldorf,10/26/1992,CDU
1992_duesseldorf,10/26/1992,CDU
1992_duesseldorf,10/26/1992,CDU
1992_duesseldorf,10/26/1992,CDU
1992_duesseldorf,10/26/1992,CDU
1992_duesseldorf,10/26/1992,CDU
1992_duesseldorf,10/26/1992,CDU
1992_duesseldorf,10/26/1992,CDU
1992_duesseldorf,10/26/1992,CDU
1992_duesseldorf,10/26/1992,CDU
1992_duesseldorf,10/26/1992,CDU
1992_duesseldorf,10/26/1992,CDU
1992_duesseldorf,10/26/1992,CDU
1992_duesseldorf,10/26/1992,CDU
1992_duesseldorf,10/26/1992,CDU
1992_duesseldorf,10/26/1992,CDU
1992_duesseldorf,10/26/1992,CDU
1992_duesseldorf,10/26/1992,CDU
1992_duesseldorf,10/26/1992,CDU
1992_duesseldorf,10/26/1992,CDU
1992_duesseldorf,10/26/1992,CDU
1992_duesseldorf,10/26/1992,CDU
1992_duesseldorf,10/26/1992,CDU
1992_duesseldorf,10/26/1992,CDU
1992_duesseldorf,10/26/1992,CDU
1992_duesseldorf,10/26/1992,CDU
1992_duesseldorf,10/26/1992,CDU
1992_duesseldorf,10/26/1992,CDU
1992_duesseldorf,10/26/1992,CDU
1992_duesseldorf,10/26/1992,CDU
1992_duesseldorf,10/26/1992,CDU
1992_duesseldorf,10/26/1992,CDU
1992_duesseldorf,10/26/1992,CDU
1992_duesseldorf,10/26/1992,CDU
1992_duesseldorf,10/26/1992,CDU
1992_duesseldorf,10/26/1992,CDU
1992_duesseldorf,10/26/1992,CDU
1992_duesseldorf,10/26/1992,CDU
1992_duesseldorf,10/26/1992,CDU
1992_duesseldorf,10/26/1992,CDU
1992_duesseldorf,10/26/1992,CDU
1992_duesseldorf,10/26/1992,CDU
1992_duesseldorf,10/26/1992,CDU
1992_duesseldorf,10/26/1992,CDU
1992_duesseldorf,10/26/1992,CDU
1992_duesseldorf,10/26/1992,CDU
1992_duesseldorf,10/26/1992,CDU
1992_duesseldorf,10/26/1992,CDU
1992_duesseldorf,10/26/1992,CDU
1992_duesseldorf,10/26/1992,CDU
1992_duesseldorf,10/26/1992,CDU
1992_duesseldorf,10/26/1992,CDU
1992_duesseldorf,10/26/1992,CDU
1992_duesseldorf,10/26/1992,CDU
1992_duesseldorf,10/26/1992,CDU
1992_duesseldorf,10/26/1992,CDU
1992_duesseldorf,10/26/1992,CDU
1992_duesseldorf,10/26/1992,CDU
1992_duesseldorf,10/26/1992,CDU
1992_duesseldorf,10/26/1992,CDU
1992_duesseldorf,10/26/1992,CDU
1992_duesseldorf,10/26/1992,CDU
1992_duesseldorf,10/26/1992,CDU
1992_duesseldorf,10/26/1992,CDU
1992_duesseldorf,10/26/1992,CDU
1992_duesseldorf,10/26/1992,CDU
1992_duesseldorf,10/26/1992,CDU
1992_duesseldorf,10/26/1992,CDU
1992_duesseldorf,10/26/1992,CDU
1992_duesseldorf,10/26/1992,CDU
1992_duesseldorf,10/26/1992,CDU
1992_duesseldorf,10/26/1992,CDU
1992_duesseldorf,10/26/1992,CDU
1992_duesseldorf,10/26/1992,CDU
1992_duesseldorf,10/26/1992,CDU
1992_duesseldorf,10/26/1992,CDU
1992_duesseldorf,10/26/1992,CDU
1992_duesseldorf,10/26/1992,CDU
1992_duesseldorf,10/26/1992,CDU
1992_duesseldorf,10/26/1992,CDU
1992_duesseldorf,10/26/1992,CDU
1992_duesseldorf,10/26/1992,CDU
1992_duesseldorf,10/26/1992,CDU
1992_duesseldorf,10/26/1992,CDU
1992_duesseldorf,10/26/1992,CDU
1992_duesseldorf,10/26/1992,CDU
1992_duesseldorf,10/26/1992,CDU
1992_duesseldorf,10/26/1992,CDU
1992_duesseldorf,10/26/1992,CDU
1992_duesseldorf,10/26/1992,CDU
1992_duesseldorf,10/26/1992,CDU
1992_duesseldorf,10/26/1992,CDU
1992_duesseldorf,10/26/1992,CDU
1992_duesseldorf,10/26/1992,CDU
1992_duesseldorf,10/26/1992,CDU
1992_duesseldorf,10/26/1992,CDU
1992_duesseldorf,10/26/1992,CDU
1992_duesseldorf,10/26/1992,CDU
1992_duesseldorf,10/26/1992,CDU
1992_duesseldorf,10/26/1992,CDU
1992_duesseldorf,10/26/1992,CDU
1992_duesseldorf,10/26/1992,CDU
1992_duesseldorf,10/26/1992,CDU
1992_duesseldorf,10/26/1992,CDU
1992_duesseldorf,10/26/1992,CDU
1992_duesseldorf,10/26/1992,CDU
1992_duesseldorf,10/26/1992,CDU
1992_duesseldorf,10/26/1992,CDU
1992_duesseldorf,10/26/1992,CDU
1992_duesseldorf,10/26/1992,CDU
1992_duesseldorf,10/26/1992,CDU
1992_duesseldorf,10/26/1992,CDU
1992_duesseldorf,10/26/1992,CDU
1992_duesseldorf,10/26/1992,CDU
1992_duesseldorf,10/26/1992,CDU
1992_duesseldorf,10/26/1992,CDU
1992_duesseldorf,10/26/1992,CDU
1992_duesseldorf,10/26/1992,CDU
1992_duesseldorf,10/26/1992,CDU
1993_berlin,9/12/1993,CDU
1993_berlin,9/12/1993,CDU
1993_berlin,9/12/1993,CDU
1993_berlin,9/12/1993,CDU
1993_berlin,9/12/1993,CDU
1993_berlin,9/12/1993,CDU
1993_berlin,9/12/1993,CDU
1993_berlin,9/12/1993,CDU
1993_berlin,9/12/1993,CDU
1993_berlin,9/12/1993,CDU
1993_berlin,9/12/1993,CDU
1993_berlin,9/12/1993,CDU
1993_berlin,9/12/1993,CDU
1993_berlin,9/12/1993,CDU
1993_berlin,9/12/1993,CDU
1993_berlin,9/12/1993,CDU
1993_berlin,9/12/1993,CDU
1993_berlin,9/12/1993,CDU
1993_berlin,9/12/1993,CDU
1993_berlin,9/12/1993,CDU
1993_berlin,9/12/1993,CDU
1993_berlin,9/12/1993,CDU
1993_berlin,9/12/1993,CDU
1993_berlin,9/12/1993,CDU
1993_berlin,9/12/1993,CDU
1993_berlin,9/12/1993,CDU
1993_berlin,9/12/1993,CDU
1993_berlin,9/12/1993,CDU
1993_berlin,9/12/1993,CDU
1993_berlin,9/12/1993,CDU
1993_berlin,9/12/1993,CDU
1993_berlin,9/12/1993,CDU
1993_berlin,9/12/1993,CDU
1993_berlin,9/12/1993,CDU
1993_berlin,9/12/1993,CDU
1993_berlin,9/12/1993,CDU
1993_berlin,9/12/1993,CDU
1993_berlin,9/12/1993,CDU
1993_berlin,9/12/1993,CDU
1993_berlin,9/12/1993,CDU
1993_berlin,9/12/1993,CDU
1993_berlin,9/12/1993,CDU
1993_berlin,9/12/1993,CDU
1993_berlin,9/12/1993,CDU
1993_berlin,9/12/1993,CDU
1993_berlin,9/12/1993,CDU
1993_berlin,9/12/1993,CDU
1993_berlin,9/12/1993,CDU
1993_berlin,9/12/1993,CDU
1993_berlin,9/12/1993,CDU
1993_berlin,9/12/1993,CDU
1993_berlin,9/12/1993,CDU
1993_berlin,9/12/1993,CDU
1993_berlin,9/12/1993,CDU
1993_berlin,9/12/1993,CDU
1993_berlin,9/12/1993,CDU
1993_berlin,9/12/1993,CDU
1993_berlin,9/12/1993,CDU
1993_berlin,9/12/1993,CDU
1993_berlin,9/12/1993,CDU
1993_berlin,9/12/1993,CDU
1993_berlin,9/12/1993,CDU
1993_berlin,9/12/1993,CDU
1993_berlin,9/12/1993,CDU
1993_berlin,9/12/1993,CDU
1993_berlin,9/12/1993,CDU
1993_berlin,9/12/1993,CDU
1993_berlin,9/12/1993,CDU
1993_berlin,9/12/1993,CDU
1993_berlin,9/12/1993,CDU
1993_berlin,9/12/1993,CDU
1993_berlin,9/12/1993,CDU
1993_berlin,9/12/1993,CDU
1993_berlin,9/12/1993,CDU
1993_berlin,9/12/1993,CDU
1993_berlin,9/12/1993,CDU
1993_berlin,9/12/1993,CDU
1993_berlin,9/12/1993,CDU
1993_berlin,9/12/1993,CDU
1993_berlin,9/12/1993,CDU
1993_berlin,9/12/1993,CDU
1993_berlin,9/12/1993,CDU
1993_berlin,9/12/1993,CDU
1993_berlin,9/12/1993,CDU
1994_bonn,11/28/1994,CDU
1994_bonn,11/28/1994,CDU
1994_bonn,11/28/1994,CDU
1994_bonn,11/28/1994,CDU
1994_bonn,11/28/1994,CDU
1994_bonn,11/28/1994,CDU
1994_bonn,11/28/1994,CDU
1994_bonn,11/28/1994,CDU
1994_bonn,11/28/1994,CDU
1994_bonn,11/28/1994,CDU
1994_bonn,11/28/1994,CDU
1994_bonn,11/28/1994,CDU
1994_bonn,11/28/1994,CDU
1994_bonn,11/28/1994,CDU
1994_bonn,11/28/1994,CDU
1994_bonn,11/28/1994,CDU
1994_bonn,11/28/1994,CDU
1994_bonn,11/28/1994,CDU
1994_bonn,11/28/1994,CDU
1994_bonn,11/28/1994,CDU
1994_bonn,11/28/1994,CDU
1994_bonn,11/28/1994,CDU
1994_bonn,11/28/1994,CDU
1994_bonn,11/28/1994,CDU
1994_bonn,11/28/1994,CDU
1994_bonn,11/28/1994,CDU
1994_bonn,11/28/1994,CDU
1994_bonn,11/28/1994,CDU
1994_bonn,11/28/1994,CDU
1994_bonn,11/28/1994,CDU
1994_bonn,11/28/1994,CDU
1994_bonn,11/28/1994,CDU
1994_bonn,11/28/1994,CDU
1994_bonn,11/28/1994,CDU
1994_bonn,11/28/1994,CDU
1994_bonn,11/28/1994,CDU
1994_bonn,11/28/1994,CDU
1994_bonn,11/28/1994,CDU
1994_bonn,11/28/1994,CDU
1994_bonn,11/28/1994,CDU
1994_bonn,11/28/1994,CDU
1994_bonn,11/28/1994,CDU
1994_bonn,11/28/1994,CDU
1994_bonn,11/28/1994,CDU
1994_bonn,11/28/1994,CDU
1994_bonn,11/28/1994,CDU
1994_bonn,11/28/1994,CDU
1994_bonn,11/28/1994,CDU
1994_bonn,11/28/1994,CDU
1994_bonn,11/28/1994,CDU
1994_bonn,11/28/1994,CDU
1994_bonn,11/28/1994,CDU
1994_bonn,11/28/1994,CDU
1994_bonn,11/28/1994,CDU
1994_bonn,11/28/1994,CDU
1994_bonn,11/28/1994,CDU
1994_bonn,11/28/1994,CDU
1994_bonn,11/28/1994,CDU
1994_bonn,11/28/1994,CDU
1994_bonn,11/28/1994,CDU
1994_bonn,11/28/1994,CDU
1994_bonn,11/28/1994,CDU
1994_bonn,11/28/1994,CDU
1994_bonn,11/28/1994,CDU
1994_bonn,11/28/1994,CDU
1994_bonn,11/28/1994,CDU
1994_bonn,11/28/1994,CDU
1994_bonn,11/28/1994,CDU
1994_bonn,11/28/1994,CDU
1994_bonn,11/28/1994,CDU
1994_bonn,11/28/1994,CDU
1994_bonn,11/28/1994,CDU
1994_bonn,11/28/1994,CDU
1994_bonn,11/28/1994,CDU
1994_bonn,11/28/1994,CDU
1994_bonn,11/28/1994,CDU
1994_bonn,11/28/1994,CDU
1994_bonn,11/28/1994,CDU
1994_bonn,11/28/1994,CDU
1994_bonn,11/28/1994,CDU
1994_bonn,11/28/1994,CDU
1994_hamburg,2/21/1994,CDU
1994_hamburg,2/21/1994,CDU
1994_hamburg,2/21/1994,CDU
1994_hamburg,2/21/1994,CDU
1994_hamburg,2/21/1994,CDU
1994_hamburg,2/21/1994,CDU
1994_hamburg,2/21/1994,CDU
1994_hamburg,2/21/1994,CDU
1994_hamburg,2/21/1994,CDU
1994_hamburg,2/21/1994,CDU
1994_hamburg,2/21/1994,CDU
1994_hamburg,2/21/1994,CDU
1994_hamburg,2/21/1994,CDU
1994_hamburg,2/21/1994,CDU
1994_hamburg,2/21/1994,CDU
1994_hamburg,2/21/1994,CDU
1994_hamburg,2/21/1994,CDU
1994_hamburg,2/21/1994,CDU
1994_hamburg,2/21/1994,CDU
1994_hamburg,2/21/1994,CDU
1994_hamburg,2/21/1994,CDU
1994_hamburg,2/21/1994,CDU
1994_hamburg,2/21/1994,CDU
1994_hamburg,2/21/1994,CDU
1994_hamburg,2/21/1994,CDU
1994_hamburg,2/21/1994,CDU
1994_hamburg,2/21/1994,CDU
1994_hamburg,2/21/1994,CDU
1994_hamburg,2/21/1994,CDU
1994_hamburg,2/21/1994,CDU
1994_hamburg,2/21/1994,CDU
1994_hamburg,2/21/1994,CDU
1994_hamburg,2/21/1994,CDU
1994_hamburg,2/21/1994,CDU
1994_hamburg,2/21/1994,CDU
1994_hamburg,2/21/1994,CDU
1994_hamburg,2/21/1994,CDU
1994_hamburg,2/21/1994,CDU
1994_hamburg,2/21/1994,CDU
1994_hamburg,2/21/1994,CDU
1994_hamburg,2/21/1994,CDU
1994_hamburg,2/21/1994,CDU
1994_hamburg,2/21/1994,CDU
1994_hamburg,2/21/1994,CDU
1994_hamburg,2/21/1994,CDU
1994_hamburg,2/21/1994,CDU
1994_hamburg,2/21/1994,CDU
1994_hamburg,2/21/1994,CDU
1994_hamburg,2/21/1994,CDU
1994_hamburg,2/21/1994,CDU
1994_hamburg,2/21/1994,CDU
1994_hamburg,2/21/1994,CDU
1994_hamburg,2/21/1994,CDU
1994_hamburg,2/21/1994,CDU
1994_hamburg,2/21/1994,CDU
1994_hamburg,2/21/1994,CDU
1994_hamburg,2/21/1994,CDU
1994_hamburg,2/21/1994,CDU
1994_hamburg,2/21/1994,CDU
1994_hamburg,2/21/1994,CDU
1994_hamburg,2/21/1994,CDU
1994_hamburg,2/21/1994,CDU
1994_hamburg,2/21/1994,CDU
1994_hamburg,2/21/1994,CDU
1994_hamburg,2/21/1994,CDU
1994_hamburg,2/21/1994,CDU
1994_hamburg,2/21/1994,CDU
1994_hamburg,2/21/1994,CDU
1994_hamburg,2/21/1994,CDU
1994_hamburg,2/21/1994,CDU
1994_hamburg,2/21/1994,CDU
1994_hamburg,2/21/1994,CDU
1994_hamburg,2/21/1994,CDU
1994_hamburg,2/21/1994,CDU
1994_hamburg,2/21/1994,CDU
1994_hamburg,2/21/1994,CDU
1994_hamburg,2/21/1994,CDU
1994_hamburg,2/21/1994,CDU
1994_hamburg,2/21/1994,CDU
1994_hamburg,2/21/1994,CDU
1994_hamburg,2/21/1994,CDU
1994_hamburg,2/21/1994,CDU
1994_hamburg,2/21/1994,CDU
1994_hamburg,2/21/1994,CDU
1994_hamburg,2/21/1994,CDU
1994_hamburg,2/21/1994,CDU
1994_hamburg,2/21/1994,CDU
1994_hamburg,2/21/1994,CDU
1994_hamburg,2/21/1994,CDU
1994_hamburg,2/21/1994,CDU
1994_hamburg,2/21/1994,CDU
1994_hamburg,2/21/1994,CDU
1994_hamburg,2/21/1994,CDU
1994_hamburg,2/21/1994,CDU
1994_hamburg,2/21/1994,CDU
1994_hamburg,2/21/1994,CDU
1994_hamburg,2/21/1994,CDU
1994_hamburg,2/21/1994,CDU
1994_hamburg,2/21/1994,CDU
1994_hamburg,2/21/1994,CDU
1994_hamburg,2/21/1994,CDU
1994_hamburg,2/21/1994,CDU
1994_hamburg,2/21/1994,CDU
1994_hamburg,2/21/1994,CDU
1994_hamburg,2/21/1994,CDU
1994_hamburg,2/21/1994,CDU
1994_hamburg,2/21/1994,CDU
1994_hamburg,2/21/1994,CDU
1994_hamburg,2/21/1994,CDU
1994_hamburg,2/21/1994,CDU
1994_hamburg,2/21/1994,CDU
1994_hamburg,2/21/1994,CDU
1994_hamburg,2/21/1994,CDU
1994_hamburg,2/21/1994,CDU
1994_hamburg,2/21/1994,CDU
1994_hamburg,2/21/1994,CDU
1994_hamburg,2/21/1994,CDU
1994_hamburg,2/21/1994,CDU
1994_hamburg,2/21/1994,CDU
1994_hamburg,2/21/1994,CDU
1994_hamburg,2/21/1994,CDU
1994_hamburg,2/21/1994,CDU
1994_hamburg,2/21/1994,CDU
1994_hamburg,2/21/1994,CDU
1994_hamburg,2/21/1994,CDU
1994_hamburg,2/21/1994,CDU
1994_hamburg,2/21/1994,CDU
1994_hamburg,2/21/1994,CDU
1994_hamburg,2/21/1994,CDU
1994_hamburg,2/21/1994,CDU
1994_hamburg,2/21/1994,CDU
1994_hamburg,2/21/1994,CDU
1994_hamburg,2/21/1994,CDU
1994_hamburg,2/21/1994,CDU
1994_hamburg,2/21/1994,CDU
1994_hamburg,2/21/1994,CDU
1994_hamburg,2/21/1994,CDU
1994_hamburg,2/21/1994,CDU
1994_hamburg,2/21/1994,CDU
1995_karlsruhe,10/16/1995,CDU
1995_karlsruhe,10/16/1995,CDU
1995_karlsruhe,10/16/1995,CDU
1995_karlsruhe,10/16/1995,CDU
1995_karlsruhe,10/16/1995,CDU
1995_karlsruhe,10/16/1995,CDU
1995_karlsruhe,10/16/1995,CDU
1995_karlsruhe,10/16/1995,CDU
1995_karlsruhe,10/16/1995,CDU
1995_karlsruhe,10/16/1995,CDU
1995_karlsruhe,10/16/1995,CDU
1995_karlsruhe,10/16/1995,CDU
1995_karlsruhe,10/16/1995,CDU
1995_karlsruhe,10/16/1995,CDU
1995_karlsruhe,10/16/1995,CDU
1995_karlsruhe,10/16/1995,CDU
1995_karlsruhe,10/16/1995,CDU
1995_karlsruhe,10/16/1995,CDU
1995_karlsruhe,10/16/1995,CDU
1995_karlsruhe,10/16/1995,CDU
1995_karlsruhe,10/16/1995,CDU
1995_karlsruhe,10/16/1995,CDU
1995_karlsruhe,10/16/1995,CDU
1995_karlsruhe,10/16/1995,CDU
1995_karlsruhe,10/16/1995,CDU
1995_karlsruhe,10/16/1995,CDU
1995_karlsruhe,10/16/1995,CDU
1995_karlsruhe,10/16/1995,CDU
1995_karlsruhe,10/16/1995,CDU
1995_karlsruhe,10/16/1995,CDU
1995_karlsruhe,10/16/1995,CDU
1995_karlsruhe,10/16/1995,CDU
1995_karlsruhe,10/16/1995,CDU
1995_karlsruhe,10/16/1995,CDU
1995_karlsruhe,10/16/1995,CDU
1995_karlsruhe,10/16/1995,CDU
1995_karlsruhe,10/16/1995,CDU
1995_karlsruhe,10/16/1995,CDU
1995_karlsruhe,10/16/1995,CDU
1995_karlsruhe,10/16/1995,CDU
1995_karlsruhe,10/16/1995,CDU
1995_karlsruhe,10/16/1995,CDU
1995_karlsruhe,10/16/1995,CDU
1995_karlsruhe,10/16/1995,CDU
1995_karlsruhe,10/16/1995,CDU
1995_karlsruhe,10/16/1995,CDU
1995_karlsruhe,10/16/1995,CDU
1995_karlsruhe,10/16/1995,CDU
1995_karlsruhe,10/16/1995,CDU
1995_karlsruhe,10/16/1995,CDU
1995_karlsruhe,10/16/1995,CDU
1995_karlsruhe,10/16/1995,CDU
1995_karlsruhe,10/16/1995,CDU
1995_karlsruhe,10/16/1995,CDU
1995_karlsruhe,10/16/1995,CDU
1995_karlsruhe,10/16/1995,CDU
1995_karlsruhe,10/16/1995,CDU
1995_karlsruhe,10/16/1995,CDU
1995_karlsruhe,10/16/1995,CDU
1995_karlsruhe,10/16/1995,CDU
1995_karlsruhe,10/16/1995,CDU
1995_karlsruhe,10/16/1995,CDU
1995_karlsruhe,10/16/1995,CDU
1995_karlsruhe,10/16/1995,CDU
1995_karlsruhe,10/16/1995,CDU
1995_karlsruhe,10/16/1995,CDU
1995_karlsruhe,10/16/1995,CDU
1995_karlsruhe,10/16/1995,CDU
1996_hannover,10/21/1996,CDU
1996_hannover,10/21/1996,CDU
1996_hannover,10/21/1996,CDU
1996_hannover,10/21/1996,CDU
1996_hannover,10/21/1996,CDU
1996_hannover,10/21/1996,CDU
1996_hannover,10/21/1996,CDU
1996_hannover,10/21/1996,CDU
1996_hannover,10/21/1996,CDU
1996_hannover,10/21/1996,CDU
1996_hannover,10/21/1996,CDU
1996_hannover,10/21/1996,CDU
1996_hannover,10/21/1996,CDU
1996_hannover,10/21/1996,CDU
1996_hannover,10/21/1996,CDU
1996_hannover,10/21/1996,CDU
1996_hannover,10/21/1996,CDU
1996_hannover,10/21/1996,CDU
1996_hannover,10/21/1996,CDU
1996_hannover,10/21/1996,CDU
1996_hannover,10/21/1996,CDU
1996_hannover,10/21/1996,CDU
1996_hannover,10/21/1996,CDU
1996_hannover,10/21/1996,CDU
1996_hannover,10/21/1996,CDU
1996_hannover,10/21/1996,CDU
1996_hannover,10/21/1996,CDU
1996_hannover,10/21/1996,CDU
1996_hannover,10/21/1996,CDU
1996_hannover,10/21/1996,CDU
1996_hannover,10/21/1996,CDU
1996_hannover,10/21/1996,CDU
1996_hannover,10/21/1996,CDU
1996_hannover,10/21/1996,CDU
1996_hannover,10/21/1996,CDU
1996_hannover,10/21/1996,CDU
1996_hannover,10/21/1996,CDU
1996_hannover,10/21/1996,CDU
1996_hannover,10/21/1996,CDU
1996_hannover,10/21/1996,CDU
1996_hannover,10/21/1996,CDU
1996_hannover,10/21/1996,CDU
1996_hannover,10/21/1996,CDU
1996_hannover,10/21/1996,CDU
1996_hannover,10/21/1996,CDU
1996_hannover,10/21/1996,CDU
1996_hannover,10/21/1996,CDU
1996_hannover,10/21/1996,CDU
1996_hannover,10/21/1996,CDU
1996_hannover,10/21/1996,CDU
1996_hannover,10/21/1996,CDU
1996_hannover,10/21/1996,CDU
1996_hannover,10/21/1996,CDU
1996_hannover,10/21/1996,CDU
1996_hannover,10/21/1996,CDU
1996_hannover,10/21/1996,CDU
1996_hannover,10/21/1996,CDU
1996_hannover,10/21/1996,CDU
1996_hannover,10/21/1996,CDU
1996_hannover,10/21/1996,CDU
1996_hannover,10/21/1996,CDU
1996_hannover,10/21/1996,CDU
1996_hannover,10/21/1996,CDU
1996_hannover,10/21/1996,CDU
1996_hannover,10/21/1996,CDU
1996_hannover,10/21/1996,CDU
1996_hannover,10/21/1996,CDU
1996_hannover,10/21/1996,CDU
1996_hannover,10/21/1996,CDU
1996_hannover,10/21/1996,CDU
1996_hannover,10/21/1996,CDU
1996_hannover,10/21/1996,CDU
1996_hannover,10/21/1996,CDU
1996_hannover,10/21/1996,CDU
1996_hannover,10/21/1996,CDU
1996_hannover,10/21/1996,CDU
1996_hannover,10/21/1996,CDU
1996_hannover,10/21/1996,CDU
1996_hannover,10/21/1996,CDU
1996_hannover,10/21/1996,CDU
1996_hannover,10/21/1996,CDU
1996_hannover,10/21/1996,CDU
1996_hannover,10/21/1996,CDU
1996_hannover,10/21/1996,CDU
1996_hannover,10/21/1996,CDU
1997_leipzig,10/13/1997,CDU
1997_leipzig,10/13/1997,CDU
1997_leipzig,10/13/1997,CDU
1997_leipzig,10/13/1997,CDU
1997_leipzig,10/13/1997,CDU
1997_leipzig,10/13/1997,CDU
1997_leipzig,10/13/1997,CDU
1997_leipzig,10/13/1997,CDU
1997_leipzig,10/13/1997,CDU
1997_leipzig,10/13/1997,CDU
1997_leipzig,10/13/1997,CDU
1997_leipzig,10/13/1997,CDU
1997_leipzig,10/13/1997,CDU
1997_leipzig,10/13/1997,CDU
1997_leipzig,10/13/1997,CDU
1997_leipzig,10/13/1997,CDU
1997_leipzig,10/13/1997,CDU
1997_leipzig,10/13/1997,CDU
1997_leipzig,10/13/1997,CDU
1997_leipzig,10/13/1997,CDU
1997_leipzig,10/13/1997,CDU
1997_leipzig,10/13/1997,CDU
1997_leipzig,10/13/1997,CDU
1997_leipzig,10/13/1997,CDU
1997_leipzig,10/13/1997,CDU
1997_leipzig,10/13/1997,CDU
1997_leipzig,10/13/1997,CDU
1997_leipzig,10/13/1997,CDU
1997_leipzig,10/13/1997,CDU
1997_leipzig,10/13/1997,CDU
1997_leipzig,10/13/1997,CDU
1997_leipzig,10/13/1997,CDU
1997_leipzig,10/13/1997,CDU
1997_leipzig,10/13/1997,CDU
1997_leipzig,10/13/1997,CDU
1997_leipzig,10/13/1997,CDU
1997_leipzig,10/13/1997,CDU
1997_leipzig,10/13/1997,CDU
1997_leipzig,10/13/1997,CDU
1997_leipzig,10/13/1997,CDU
1997_leipzig,10/13/1997,CDU
1997_leipzig,10/13/1997,CDU
1997_leipzig,10/13/1997,CDU
1997_leipzig,10/13/1997,CDU
1997_leipzig,10/13/1997,CDU
1997_leipzig,10/13/1997,CDU
1997_leipzig,10/13/1997,CDU
1997_leipzig,10/13/1997,CDU
1997_leipzig,10/13/1997,CDU
1997_leipzig,10/13/1997,CDU
1997_leipzig,10/13/1997,CDU
1997_leipzig,10/13/1997,CDU
1997_leipzig,10/13/1997,CDU
1997_leipzig,10/13/1997,CDU
1997_leipzig,10/13/1997,CDU
1997_leipzig,10/13/1997,CDU
1997_leipzig,10/13/1997,CDU
1997_leipzig,10/13/1997,CDU
1997_leipzig,10/13/1997,CDU
1997_leipzig,10/13/1997,CDU
1997_leipzig,10/13/1997,CDU
1997_leipzig,10/13/1997,CDU
1997_leipzig,10/13/1997,CDU
1997_leipzig,10/13/1997,CDU
1997_leipzig,10/13/1997,CDU
1997_leipzig,10/13/1997,CDU
1997_leipzig,10/13/1997,CDU
1997_leipzig,10/13/1997,CDU
1997_leipzig,10/13/1997,CDU
1997_leipzig,10/13/1997,CDU
1997_leipzig,10/13/1997,CDU
1997_leipzig,10/13/1997,CDU
1997_leipzig,10/13/1997,CDU
1997_leipzig,10/13/1997,CDU
1997_leipzig,10/13/1997,CDU
1997_leipzig,10/13/1997,CDU
1997_leipzig,10/13/1997,CDU
1997_leipzig,10/13/1997,CDU
1997_leipzig,10/13/1997,CDU
1997_leipzig,10/13/1997,CDU
1997_leipzig,10/13/1997,CDU
1997_leipzig,10/13/1997,CDU
1997_leipzig,10/13/1997,CDU
1997_leipzig,10/13/1997,CDU
1997_leipzig,10/13/1997,CDU
1997_leipzig,10/13/1997,CDU
1997_leipzig,10/13/1997,CDU
1997_leipzig,10/13/1997,CDU
1997_leipzig,10/13/1997,CDU
1997_leipzig,10/13/1997,CDU
1997_leipzig,10/13/1997,CDU
1997_leipzig,10/13/1997,CDU
1997_leipzig,10/13/1997,CDU
1997_leipzig,10/13/1997,CDU
1997_leipzig,10/13/1997,CDU
1997_leipzig,10/13/1997,CDU
1997_leipzig,10/13/1997,CDU
1997_leipzig,10/13/1997,CDU
1997_leipzig,10/13/1997,CDU
1997_leipzig,10/13/1997,CDU
1997_leipzig,10/13/1997,CDU
1997_leipzig,10/13/1997,CDU
1997_leipzig,10/13/1997,CDU
1997_leipzig,10/13/1997,CDU
1997_leipzig,10/13/1997,CDU
1998_bonn,11/7/1998,CDU
1998_bonn,11/7/1998,CDU
1998_bonn,11/7/1998,CDU
1998_bonn,11/7/1998,CDU
1998_bonn,11/7/1998,CDU
1998_bonn,11/7/1998,CDU
1998_bonn,11/7/1998,CDU
1998_bonn,11/7/1998,CDU
1998_bonn,11/7/1998,CDU
1998_bonn,11/7/1998,CDU
1998_bonn,11/7/1998,CDU
1998_bonn,11/7/1998,CDU
1998_bonn,11/7/1998,CDU
1998_bonn,11/7/1998,CDU
1998_bonn,11/7/1998,CDU
1998_bonn,11/7/1998,CDU
1998_bonn,11/7/1998,CDU
1998_bonn,11/7/1998,CDU
1998_bonn,11/7/1998,CDU
1998_bonn,11/7/1998,CDU
1998_bonn,11/7/1998,CDU
1998_bonn,11/7/1998,CDU
1998_bonn,11/7/1998,CDU
1998_bonn,11/7/1998,CDU
1998_bonn,11/7/1998,CDU
1998_bonn,11/7/1998,CDU
1998_bonn,11/7/1998,CDU
1998_bonn,11/7/1998,CDU
1998_bonn,11/7/1998,CDU
1998_bonn,11/7/1998,CDU
1998_bonn,11/7/1998,CDU
1998_bonn,11/7/1998,CDU
1998_bonn,11/7/1998,CDU
1998_bonn,11/7/1998,CDU
1998_bonn,11/7/1998,CDU
1998_bonn,11/7/1998,CDU
1998_bonn,11/7/1998,CDU
1998_bonn,11/7/1998,CDU
1998_bonn,11/7/1998,CDU
1998_bonn,11/7/1998,CDU
1998_bonn,11/7/1998,CDU
1998_bonn,11/7/1998,CDU
1998_bonn,11/7/1998,CDU
1998_bonn,11/7/1998,CDU
1998_bonn,11/7/1998,CDU
1998_bonn,11/7/1998,CDU
1998_bonn,11/7/1998,CDU
1998_bonn,11/7/1998,CDU
1998_bonn,11/7/1998,CDU
1998_bonn,11/7/1998,CDU
1998_bonn,11/7/1998,CDU
1998_bonn,11/7/1998,CDU
1998_bonn,11/7/1998,CDU
1998_bremen,5/18/1998,CDU
1998_bremen,5/18/1998,CDU
1998_bremen,5/18/1998,CDU
1998_bremen,5/18/1998,CDU
1998_bremen,5/18/1998,CDU
1998_bremen,5/18/1998,CDU
1998_bremen,5/18/1998,CDU
1998_bremen,5/18/1998,CDU
1998_bremen,5/18/1998,CDU
1998_bremen,5/18/1998,CDU
1998_bremen,5/18/1998,CDU
1998_bremen,5/18/1998,CDU
1998_bremen,5/18/1998,CDU
1998_bremen,5/18/1998,CDU
1998_bremen,5/18/1998,CDU
1998_bremen,5/18/1998,CDU
1998_bremen,5/18/1998,CDU
1998_bremen,5/18/1998,CDU
1998_bremen,5/18/1998,CDU
1998_bremen,5/18/1998,CDU
1998_bremen,5/18/1998,CDU
1998_bremen,5/18/1998,CDU
1998_bremen,5/18/1998,CDU
1998_bremen,5/18/1998,CDU
1998_bremen,5/18/1998,CDU
1998_bremen,5/18/1998,CDU
1998_bremen,5/18/1998,CDU
1998_bremen,5/18/1998,CDU
1998_bremen,5/18/1998,CDU
1998_bremen,5/18/1998,CDU
1998_bremen,5/18/1998,CDU
1998_bremen,5/18/1998,CDU
1998_bremen,5/18/1998,CDU
1998_bremen,5/18/1998,CDU
1998_bremen,5/18/1998,CDU
1998_bremen,5/18/1998,CDU
1998_bremen,5/18/1998,CDU
1998_bremen,5/18/1998,CDU
1998_bremen,5/18/1998,CDU
1998_bremen,5/18/1998,CDU
1998_bremen,5/18/1998,CDU
1998_bremen,5/18/1998,CDU
1998_bremen,5/18/1998,CDU
1999_erfurt,4/26/1999,CDU
1999_erfurt,4/26/1999,CDU
1999_erfurt,4/26/1999,CDU
1999_erfurt,4/26/1999,CDU
1999_erfurt,4/26/1999,CDU
1999_erfurt,4/26/1999,CDU
1999_erfurt,4/26/1999,CDU
1999_erfurt,4/26/1999,CDU
1999_erfurt,4/26/1999,CDU
1999_erfurt,4/26/1999,CDU
1999_erfurt,4/26/1999,CDU
1999_erfurt,4/26/1999,CDU
1999_erfurt,4/26/1999,CDU
1999_erfurt,4/26/1999,CDU
1999_erfurt,4/26/1999,CDU
1999_erfurt,4/26/1999,CDU
1999_erfurt,4/26/1999,CDU
1999_erfurt,4/26/1999,CDU
1999_erfurt,4/26/1999,CDU
1999_erfurt,4/26/1999,CDU
1999_erfurt,4/26/1999,CDU
1999_erfurt,4/26/1999,CDU
1999_erfurt,4/26/1999,CDU
1999_erfurt,4/26/1999,CDU
1999_erfurt,4/26/1999,CDU
1999_erfurt,4/26/1999,CDU
1999_erfurt,4/26/1999,CDU
1999_erfurt,4/26/1999,CDU
1999_erfurt,4/26/1999,CDU
1999_erfurt,4/26/1999,CDU
1999_erfurt,4/26/1999,CDU
1999_erfurt,4/26/1999,CDU
1999_erfurt,4/26/1999,CDU
1999_erfurt,4/26/1999,CDU
1999_erfurt,4/26/1999,CDU
1999_erfurt,4/26/1999,CDU
1999_erfurt,4/26/1999,CDU
1999_erfurt,4/26/1999,CDU
1999_erfurt,4/26/1999,CDU
1999_erfurt,4/26/1999,CDU
1999_erfurt,4/26/1999,CDU
1999_erfurt,4/26/1999,CDU
1999_erfurt,4/26/1999,CDU
1999_erfurt,4/26/1999,CDU
1999_erfurt,4/26/1999,CDU
1999_erfurt,4/26/1999,CDU
1999_erfurt,4/26/1999,CDU
1999_erfurt,4/26/1999,CDU
1999_erfurt,4/26/1999,CDU
1999_erfurt,4/26/1999,CDU
1999_erfurt,4/26/1999,CDU
1999_erfurt,4/26/1999,CDU
1999_erfurt,4/26/1999,CDU
1999_erfurt,4/26/1999,CDU
1999_erfurt,4/26/1999,CDU
1999_erfurt,4/26/1999,CDU
1999_erfurt,4/26/1999,CDU
1999_erfurt,4/26/1999,CDU
1999_erfurt,4/26/1999,CDU
1999_erfurt,4/26/1999,CDU
1999_erfurt,4/26/1999,CDU
1999_erfurt,4/26/1999,CDU
1999_erfurt,4/26/1999,CDU
1999_erfurt,4/26/1999,CDU
1999_erfurt,4/26/1999,CDU
1999_erfurt,4/26/1999,CDU
1999_erfurt,4/26/1999,CDU
1999_erfurt,4/26/1999,CDU
1999_erfurt,4/26/1999,CDU
1999_erfurt,4/26/1999,CDU
1999_erfurt,4/26/1999,CDU
2000_essen,9/4/2000,CDU
2000_essen,9/4/2000,CDU
2000_essen,9/4/2000,CDU
2000_essen,9/4/2000,CDU
2000_essen,9/4/2000,CDU
2000_essen,9/4/2000,CDU
2000_essen,9/4/2000,CDU
2000_essen,9/4/2000,CDU
2000_essen,9/4/2000,CDU
2000_essen,9/4/2000,CDU
2000_essen,9/4/2000,CDU
2000_essen,9/4/2000,CDU
2000_essen,9/4/2000,CDU
2000_essen,9/4/2000,CDU
2000_essen,9/4/2000,CDU
2000_essen,9/4/2000,CDU
2000_essen,9/4/2000,CDU
2000_essen,9/4/2000,CDU
2000_essen,9/4/2000,CDU
2000_essen,9/4/2000,CDU
2000_essen,9/4/2000,CDU
2000_essen,9/4/2000,CDU
2000_essen,9/4/2000,CDU
2000_essen,9/4/2000,CDU
2000_essen,9/4/2000,CDU
2000_essen,9/4/2000,CDU
2000_essen,9/4/2000,CDU
2000_essen,9/4/2000,CDU
2000_essen,9/4/2000,CDU
2000_essen,9/4/2000,CDU
2000_essen,9/4/2000,CDU
2000_essen,9/4/2000,CDU
2000_essen,9/4/2000,CDU
2000_essen,9/4/2000,CDU
2000_essen,9/4/2000,CDU
2000_essen,9/4/2000,CDU
2000_essen,9/4/2000,CDU
2000_essen,9/4/2000,CDU
2000_essen,9/4/2000,CDU
2000_essen,9/4/2000,CDU
2000_essen,9/4/2000,CDU
2000_essen,9/4/2000,CDU
2000_essen,9/4/2000,CDU
2000_essen,9/4/2000,CDU
2000_essen,9/4/2000,CDU
2000_essen,9/4/2000,CDU
2000_essen,9/4/2000,CDU
2000_essen,9/4/2000,CDU
2000_essen,9/4/2000,CDU
2000_essen,9/4/2000,CDU
2000_essen,9/4/2000,CDU
2000_essen,9/4/2000,CDU
2000_essen,9/4/2000,CDU
2000_essen,9/4/2000,CDU
2000_essen,9/4/2000,CDU
2000_essen,9/4/2000,CDU
2000_essen,9/4/2000,CDU
2000_essen,9/4/2000,CDU
2000_essen,9/4/2000,CDU
2001_dresden,2/12/2001,CDU
2001_dresden,2/12/2001,CDU
2001_dresden,2/12/2001,CDU
2001_dresden,2/12/2001,CDU
2001_dresden,2/12/2001,CDU
2001_dresden,2/12/2001,CDU
2001_dresden,2/12/2001,CDU
2001_dresden,2/12/2001,CDU
2001_dresden,2/12/2001,CDU
2001_dresden,2/12/2001,CDU
2001_dresden,2/12/2001,CDU
2001_dresden,2/12/2001,CDU
2001_dresden,2/12/2001,CDU
2001_dresden,2/12/2001,CDU
2001_dresden,2/12/2001,CDU
2001_dresden,2/12/2001,CDU
2001_dresden,2/12/2001,CDU
2001_dresden,2/12/2001,CDU
2001_dresden,2/12/2001,CDU
2001_dresden,2/12/2001,CDU
2001_dresden,2/12/2001,CDU
2001_dresden,2/12/2001,CDU
2001_dresden,2/12/2001,CDU
2001_dresden,2/12/2001,CDU
2001_dresden,2/12/2001,CDU
2001_dresden,2/12/2001,CDU
2001_dresden,2/12/2001,CDU
2001_dresden,2/12/2001,CDU
2001_dresden,2/12/2001,CDU
2001_dresden,2/12/2001,CDU
2001_dresden,2/12/2001,CDU
2001_dresden,2/12/2001,CDU
2001_dresden,2/12/2001,CDU
2001_dresden,2/12/2001,CDU
2001_dresden,2/12/2001,CDU
2001_dresden,2/12/2001,CDU
2001_dresden,2/12/2001,CDU
2001_dresden,2/12/2001,CDU
2001_dresden,2/12/2001,CDU
2001_dresden,2/12/2001,CDU
2001_dresden,2/12/2001,CDU
2001_dresden,2/12/2001,CDU
2001_dresden,2/12/2001,CDU
2001_dresden,2/12/2001,CDU
2001_dresden,2/12/2001,CDU
2002_frankfurt,16/6/2002,CDU
2002_frankfurt,16/6/2002,CDU
2002_frankfurt,16/6/2002,CDU
2002_frankfurt,16/6/2002,CDU
2002_frankfurt,16/6/2002,CDU
2002_frankfurt,16/6/2002,CDU
2002_frankfurt,16/6/2002,CDU
2002_frankfurt,16/6/2002,CDU
2002_frankfurt,16/6/2002,CDU
2002_frankfurt,16/6/2002,CDU
2002_frankfurt,16/6/2002,CDU
2002_frankfurt,16/6/2002,CDU
2002_frankfurt,16/6/2002,CDU
2002_frankfurt,16/6/2002,CDU
2002_frankfurt,16/6/2002,CDU
2002_frankfurt,16/6/2002,CDU
2002_frankfurt,16/6/2002,CDU
2002_hannover,11/11/2002,CDU
2002_hannover,11/11/2002,CDU
2002_hannover,11/11/2002,CDU
2002_hannover,11/11/2002,CDU
2002_hannover,11/11/2002,CDU
2002_hannover,11/11/2002,CDU
2002_hannover,11/11/2002,CDU
2002_hannover,11/11/2002,CDU
2002_hannover,11/11/2002,CDU
2002_hannover,11/11/2002,CDU
2002_hannover,11/11/2002,CDU
2002_hannover,11/11/2002,CDU
2002_hannover,11/11/2002,CDU
2002_hannover,11/11/2002,CDU
2002_hannover,11/11/2002,CDU
2002_hannover,11/11/2002,CDU
2002_hannover,11/11/2002,CDU
2002_hannover,11/11/2002,CDU
2002_hannover,11/11/2002,CDU
2002_hannover,11/11/2002,CDU
2002_hannover,11/11/2002,CDU
2002_hannover,11/11/2002,CDU
2002_hannover,11/11/2002,CDU
2002_hannover,11/11/2002,CDU
2002_hannover,11/11/2002,CDU
2002_hannover,11/11/2002,CDU
2002_hannover,11/11/2002,CDU
2002_hannover,11/11/2002,CDU
2002_hannover,11/11/2002,CDU
2002_hannover,11/11/2002,CDU
2002_hannover,11/11/2002,CDU
2002_hannover,11/11/2002,CDU
2002_hannover,11/11/2002,CDU
2002_hannover,11/11/2002,CDU
2002_hannover,11/11/2002,CDU
2002_hannover,11/11/2002,CDU
2002_hannover,11/11/2002,CDU
2002_hannover,11/11/2002,CDU
2002_hannover,11/11/2002,CDU
2002_hannover,11/11/2002,CDU
2002_hannover,11/11/2002,CDU
2003_leipzig,1/12/2003,CDU
2003_leipzig,1/12/2003,CDU
2003_leipzig,1/12/2003,CDU
2003_leipzig,1/12/2003,CDU
2003_leipzig,1/12/2003,CDU
2003_leipzig,1/12/2003,CDU
2003_leipzig,1/12/2003,CDU
2003_leipzig,1/12/2003,CDU
2003_leipzig,1/12/2003,CDU
2003_leipzig,1/12/2003,CDU
2003_leipzig,1/12/2003,CDU
2003_leipzig,1/12/2003,CDU
2003_leipzig,1/12/2003,CDU
2003_leipzig,1/12/2003,CDU
2003_leipzig,1/12/2003,CDU
2003_leipzig,1/12/2003,CDU
2003_leipzig,1/12/2003,CDU
2003_leipzig,1/12/2003,CDU
2003_leipzig,1/12/2003,CDU
2003_leipzig,1/12/2003,CDU
2003_leipzig,1/12/2003,CDU
2003_leipzig,1/12/2003,CDU
2003_leipzig,1/12/2003,CDU
2003_leipzig,1/12/2003,CDU
2003_leipzig,1/12/2003,CDU
2003_leipzig,1/12/2003,CDU
2003_leipzig,1/12/2003,CDU
2003_leipzig,1/12/2003,CDU
2003_leipzig,1/12/2003,CDU
2003_leipzig,1/12/2003,CDU
2003_leipzig,1/12/2003,CDU
2003_leipzig,1/12/2003,CDU
2003_leipzig,1/12/2003,CDU
2003_leipzig,1/12/2003,CDU
2003_leipzig,1/12/2003,CDU
2003_leipzig,1/12/2003,CDU
2003_leipzig,1/12/2003,CDU
2003_leipzig,1/12/2003,CDU
2003_leipzig,1/12/2003,CDU
2003_leipzig,1/12/2003,CDU
2003_leipzig,1/12/2003,CDU
2003_leipzig,1/12/2003,CDU
2003_leipzig,1/12/2003,CDU
2003_leipzig,1/12/2003,CDU
2003_leipzig,1/12/2003,CDU
2003_leipzig,1/12/2003,CDU
2003_leipzig,1/12/2003,CDU
2003_leipzig,1/12/2003,CDU
2003_leipzig,1/12/2003,CDU
2003_leipzig,1/12/2003,CDU
2003_leipzig,1/12/2003,CDU
2003_leipzig,1/12/2003,CDU
2003_leipzig,1/12/2003,CDU
2003_leipzig,1/12/2003,CDU
2003_leipzig,1/12/2003,CDU
2003_leipzig,1/12/2003,CDU
2003_leipzig,1/12/2003,CDU
2003_leipzig,1/12/2003,CDU
2003_leipzig,1/12/2003,CDU
2003_leipzig,1/12/2003,CDU
2003_leipzig,1/12/2003,CDU
2003_leipzig,1/12/2003,CDU
2004_duesseldorf,6/12/2004,CDU
2004_duesseldorf,6/12/2004,CDU
2004_duesseldorf,6/12/2004,CDU
2004_duesseldorf,6/12/2004,CDU
2004_duesseldorf,6/12/2004,CDU
2004_duesseldorf,6/12/2004,CDU
2004_duesseldorf,6/12/2004,CDU
2004_duesseldorf,6/12/2004,CDU
2004_duesseldorf,6/12/2004,CDU
2004_duesseldorf,6/12/2004,CDU
2004_duesseldorf,6/12/2004,CDU
2004_duesseldorf,6/12/2004,CDU
2004_duesseldorf,6/12/2004,CDU
2004_duesseldorf,6/12/2004,CDU
2004_duesseldorf,6/12/2004,CDU
2004_duesseldorf,6/12/2004,CDU
2004_duesseldorf,6/12/2004,CDU
2004_duesseldorf,6/12/2004,CDU
2004_duesseldorf,6/12/2004,CDU
2004_duesseldorf,6/12/2004,CDU
2004_duesseldorf,6/12/2004,CDU
2004_duesseldorf,6/12/2004,CDU
2004_duesseldorf,6/12/2004,CDU
2004_duesseldorf,6/12/2004,CDU
2004_duesseldorf,6/12/2004,CDU
2004_duesseldorf,6/12/2004,CDU
2004_duesseldorf,6/12/2004,CDU
2004_duesseldorf,6/12/2004,CDU
2004_duesseldorf,6/12/2004,CDU
2004_duesseldorf,6/12/2004,CDU
2004_duesseldorf,6/12/2004,CDU
2004_duesseldorf,6/12/2004,CDU
2004_duesseldorf,6/12/2004,CDU
2004_duesseldorf,6/12/2004,CDU
2004_duesseldorf,6/12/2004,CDU
2004_duesseldorf,6/12/2004,CDU
2004_duesseldorf,6/12/2004,CDU
2004_duesseldorf,6/12/2004,CDU
2004_duesseldorf,6/12/2004,CDU
2004_duesseldorf,6/12/2004,CDU
2004_duesseldorf,6/12/2004,CDU
2004_duesseldorf,6/12/2004,CDU
2004_duesseldorf,6/12/2004,CDU
2004_duesseldorf,6/12/2004,CDU
2004_duesseldorf,6/12/2004,CDU
2004_duesseldorf,6/12/2004,CDU
2004_duesseldorf,6/12/2004,CDU
2004_duesseldorf,6/12/2004,CDU
2004_duesseldorf,6/12/2004,CDU
2004_duesseldorf,6/12/2004,CDU
2004_duesseldorf,6/12/2004,CDU
2004_duesseldorf,6/12/2004,CDU
2004_duesseldorf,6/12/2004,CDU
2004_duesseldorf,6/12/2004,CDU
2004_duesseldorf,6/12/2004,CDU
2004_duesseldorf,6/12/2004,CDU
2004_duesseldorf,6/12/2004,CDU
2004_duesseldorf,6/12/2004,CDU
2004_duesseldorf,6/12/2004,CDU
2004_duesseldorf,6/12/2004,CDU
2005_dortmund,8/28/2005,CDU
2005_dortmund,8/28/2005,CDU
2005_dortmund,8/28/2005,CDU
2005_dortmund,8/28/2005,CDU
2005_dortmund,8/28/2005,CDU
2005_dortmund,8/28/2005,CDU
2005_dortmund,8/28/2005,CDU
2005_dortmund,8/28/2005,CDU
2005_dortmund,8/28/2005,CDU
2005_dortmund,8/28/2005,CDU
2005_dortmund,8/28/2005,CDU
2005_dortmund,8/28/2005,CDU
2006_dresden,11/27/2006,CDU
2006_dresden,11/27/2006,CDU
2006_dresden,11/27/2006,CDU
2006_dresden,11/27/2006,CDU
2006_dresden,11/27/2006,CDU
2006_dresden,11/27/2006,CDU
2006_dresden,11/27/2006,CDU
2006_dresden,11/27/2006,CDU
2006_dresden,11/27/2006,CDU
2006_dresden,11/27/2006,CDU
2006_dresden,11/27/2006,CDU
2006_dresden,11/27/2006,CDU
2006_dresden,11/27/2006,CDU
2006_dresden,11/27/2006,CDU
2006_dresden,11/27/2006,CDU
2006_dresden,11/27/2006,CDU
2006_dresden,11/27/2006,CDU
2006_dresden,11/27/2006,CDU
2006_dresden,11/27/2006,CDU
2006_dresden,11/27/2006,CDU
2006_dresden,11/27/2006,CDU
2006_dresden,11/27/2006,CDU
2006_dresden,11/27/2006,CDU
2006_dresden,11/27/2006,CDU
2006_dresden,11/27/2006,CDU
2006_dresden,11/27/2006,CDU
2006_dresden,11/27/2006,CDU
2006_dresden,11/27/2006,CDU
2006_dresden,11/27/2006,CDU
2006_dresden,11/27/2006,CDU
2006_dresden,11/27/2006,CDU
2006_dresden,11/27/2006,CDU
2006_dresden,11/27/2006,CDU
2006_dresden,11/27/2006,CDU
2006_dresden,11/27/2006,CDU
2006_dresden,11/27/2006,CDU
2006_dresden,11/27/2006,CDU
2006_dresden,11/27/2006,CDU
2006_dresden,11/27/2006,CDU
2006_dresden,11/27/2006,CDU
2006_dresden,11/27/2006,CDU
2006_dresden,11/27/2006,CDU
2006_dresden,11/27/2006,CDU
2006_dresden,11/27/2006,CDU
2006_dresden,11/27/2006,CDU
2006_dresden,11/27/2006,CDU
2006_dresden,11/27/2006,CDU
2006_dresden,11/27/2006,CDU
2006_dresden,11/27/2006,CDU
2006_dresden,11/27/2006,CDU
2006_dresden,11/27/2006,CDU
2006_dresden,11/27/2006,CDU
2006_dresden,11/27/2006,CDU
2006_dresden,11/27/2006,CDU
2006_dresden,11/27/2006,CDU
2006_dresden,11/27/2006,CDU
2006_dresden,11/27/2006,CDU
2006_dresden,11/27/2006,CDU
2006_dresden,11/27/2006,CDU
2006_dresden,11/27/2006,CDU
2006_dresden,11/27/2006,CDU
2006_dresden,11/27/2006,CDU
2006_dresden,11/27/2006,CDU
2006_dresden,11/27/2006,CDU
2006_dresden,11/27/2006,CDU
2006_dresden,11/27/2006,CDU
2006_dresden,11/27/2006,CDU
2007_hannover,3/12/2007,CDU
2007_hannover,3/12/2007,CDU
2007_hannover,3/12/2007,CDU
2007_hannover,3/12/2007,CDU
2007_hannover,3/12/2007,CDU
2007_hannover,3/12/2007,CDU
2007_hannover,3/12/2007,CDU
2007_hannover,3/12/2007,CDU
2007_hannover,3/12/2007,CDU
2007_hannover,3/12/2007,CDU
2007_hannover,3/12/2007,CDU
2007_hannover,3/12/2007,CDU
2007_hannover,3/12/2007,CDU
2007_hannover,3/12/2007,CDU
2007_hannover,3/12/2007,CDU
2007_hannover,3/12/2007,CDU
2007_hannover,3/12/2007,CDU
2007_hannover,3/12/2007,CDU
2007_hannover,3/12/2007,CDU
2007_hannover,3/12/2007,CDU
2007_hannover,3/12/2007,CDU
2007_hannover,3/12/2007,CDU
2007_hannover,3/12/2007,CDU
2007_hannover,3/12/2007,CDU
2007_hannover,3/12/2007,CDU
2007_hannover,3/12/2007,CDU
2007_hannover,3/12/2007,CDU
2007_hannover,3/12/2007,CDU
2007_hannover,3/12/2007,CDU
2007_hannover,3/12/2007,CDU
2007_hannover,3/12/2007,CDU
2007_hannover,3/12/2007,CDU
2007_hannover,3/12/2007,CDU
2007_hannover,3/12/2007,CDU
2007_hannover,3/12/2007,CDU
2007_hannover,3/12/2007,CDU
2007_hannover,3/12/2007,CDU
2007_hannover,3/12/2007,CDU
2007_hannover,3/12/2007,CDU
2007_hannover,3/12/2007,CDU
2007_hannover,3/12/2007,CDU
2007_hannover,3/12/2007,CDU
2007_hannover,3/12/2007,CDU
2007_hannover,3/12/2007,CDU
2007_hannover,3/12/2007,CDU
2007_hannover,3/12/2007,CDU
2007_hannover,3/12/2007,CDU
2007_hannover,3/12/2007,CDU
2007_hannover,3/12/2007,CDU
2007_hannover,3/12/2007,CDU
2007_hannover,3/12/2007,CDU
2007_hannover,3/12/2007,CDU
2007_hannover,3/12/2007,CDU
2007_hannover,3/12/2007,CDU
2007_hannover,3/12/2007,CDU
2007_hannover,3/12/2007,CDU
2007_hannover,3/12/2007,CDU
2007_hannover,3/12/2007,CDU
2007_hannover,3/12/2007,CDU
2008_stuttgart,1/12/2008,CDU
2008_stuttgart,1/12/2008,CDU
2008_stuttgart,1/12/2008,CDU
2008_stuttgart,1/12/2008,CDU
2008_stuttgart,1/12/2008,CDU
2008_stuttgart,1/12/2008,CDU
2008_stuttgart,1/12/2008,CDU
2008_stuttgart,1/12/2008,CDU
2008_stuttgart,1/12/2008,CDU
2008_stuttgart,1/12/2008,CDU
2008_stuttgart,1/12/2008,CDU
2008_stuttgart,1/12/2008,CDU
2008_stuttgart,1/12/2008,CDU
2008_stuttgart,1/12/2008,CDU
2008_stuttgart,1/12/2008,CDU
2008_stuttgart,1/12/2008,CDU
2008_stuttgart,1/12/2008,CDU
2008_stuttgart,1/12/2008,CDU
2008_stuttgart,1/12/2008,CDU
2008_stuttgart,1/12/2008,CDU
2008_stuttgart,1/12/2008,CDU
2008_stuttgart,1/12/2008,CDU
2008_stuttgart,1/12/2008,CDU
2008_stuttgart,1/12/2008,CDU
2008_stuttgart,1/12/2008,CDU
2008_stuttgart,1/12/2008,CDU
2008_stuttgart,1/12/2008,CDU
2008_stuttgart,1/12/2008,CDU
2008_stuttgart,1/12/2008,CDU
2008_stuttgart,1/12/2008,CDU
2008_stuttgart,1/12/2008,CDU
2008_stuttgart,1/12/2008,CDU
2008_stuttgart,1/12/2008,CDU
2008_stuttgart,1/12/2008,CDU
2010_karlsruhe,11/15/2010,CDU
2010_karlsruhe,11/15/2010,CDU
2010_karlsruhe,11/15/2010,CDU
2010_karlsruhe,11/15/2010,CDU
2010_karlsruhe,11/15/2010,CDU
2010_karlsruhe,11/15/2010,CDU
2010_karlsruhe,11/15/2010,CDU
2010_karlsruhe,11/15/2010,CDU
2010_karlsruhe,11/15/2010,CDU
2010_karlsruhe,11/15/2010,CDU
2010_karlsruhe,11/15/2010,CDU
2010_karlsruhe,11/15/2010,CDU
2010_karlsruhe,11/15/2010,CDU
2010_karlsruhe,11/15/2010,CDU
2010_karlsruhe,11/15/2010,CDU
2010_karlsruhe,11/15/2010,CDU
2010_karlsruhe,11/15/2010,CDU
2010_karlsruhe,11/15/2010,CDU
2010_karlsruhe,11/15/2010,CDU
2010_karlsruhe,11/15/2010,CDU
2010_karlsruhe,11/15/2010,CDU
2010_karlsruhe,11/15/2010,CDU
2010_karlsruhe,11/15/2010,CDU
2010_karlsruhe,11/15/2010,CDU
2010_karlsruhe,11/15/2010,CDU
2010_karlsruhe,11/15/2010,CDU
2010_karlsruhe,11/15/2010,CDU
2010_karlsruhe,11/15/2010,CDU
2010_karlsruhe,11/15/2010,CDU
2010_karlsruhe,11/15/2010,CDU
2010_karlsruhe,11/15/2010,CDU
2010_karlsruhe,11/15/2010,CDU
2010_karlsruhe,11/15/2010,CDU
2010_karlsruhe,11/15/2010,CDU
2010_karlsruhe,11/15/2010,CDU
2010_karlsruhe,11/15/2010,CDU
2010_karlsruhe,11/15/2010,CDU
2010_karlsruhe,11/15/2010,CDU
2010_karlsruhe,11/15/2010,CDU
2010_karlsruhe,11/15/2010,CDU
2010_karlsruhe,11/15/2010,CDU
2010_karlsruhe,11/15/2010,CDU
2010_karlsruhe,11/15/2010,CDU
2010_karlsruhe,11/15/2010,CDU
2010_karlsruhe,11/15/2010,CDU
2010_karlsruhe,11/15/2010,CDU
2010_karlsruhe,11/15/2010,CDU
2010_karlsruhe,11/15/2010,CDU
2010_karlsruhe,11/15/2010,CDU
2010_karlsruhe,11/15/2010,CDU
2010_karlsruhe,11/15/2010,CDU
2010_karlsruhe,11/15/2010,CDU
2010_karlsruhe,11/15/2010,CDU
2010_karlsruhe,11/15/2010,CDU
2010_karlsruhe,11/15/2010,CDU
2010_karlsruhe,11/15/2010,CDU
2010_karlsruhe,11/15/2010,CDU
2010_karlsruhe,11/15/2010,CDU
2010_karlsruhe,11/15/2010,CDU
2010_karlsruhe,11/15/2010,CDU
2010_karlsruhe,11/15/2010,CDU
2010_karlsruhe,11/15/2010,CDU
2010_karlsruhe,11/15/2010,CDU
2010_karlsruhe,11/15/2010,CDU
2010_karlsruhe,11/15/2010,CDU
2010_karlsruhe,11/15/2010,CDU
2010_karlsruhe,11/15/2010,CDU
2010_karlsruhe,11/15/2010,CDU
2010_karlsruhe,11/15/2010,CDU
2010_karlsruhe,11/15/2010,CDU
2010_karlsruhe,11/15/2010,CDU
2010_karlsruhe,11/15/2010,CDU
2010_karlsruhe,11/15/2010,CDU
2010_karlsruhe,11/15/2010,CDU
2010_karlsruhe,11/15/2010,CDU
2010_karlsruhe,11/15/2010,CDU
2010_karlsruhe,11/15/2010,CDU
2010_karlsruhe,11/15/2010,CDU
2010_karlsruhe,11/15/2010,CDU
2010_karlsruhe,11/15/2010,CDU
2010_karlsruhe,11/15/2010,CDU
2010_karlsruhe,11/15/2010,CDU
2010_karlsruhe,11/15/2010,CDU
2010_karlsruhe,11/15/2010,CDU
2011_leipzig,11/14/2011,CDU
2011_leipzig,11/14/2011,CDU
2011_leipzig,11/14/2011,CDU
2011_leipzig,11/14/2011,CDU
2011_leipzig,11/14/2011,CDU
2011_leipzig,11/14/2011,CDU
2011_leipzig,11/14/2011,CDU
2011_leipzig,11/14/2011,CDU
2011_leipzig,11/14/2011,CDU
2011_leipzig,11/14/2011,CDU
2011_leipzig,11/14/2011,CDU
2011_leipzig,11/14/2011,CDU
2011_leipzig,11/14/2011,CDU
2011_leipzig,11/14/2011,CDU
2011_leipzig,11/14/2011,CDU
2011_leipzig,11/14/2011,CDU
2011_leipzig,11/14/2011,CDU
2011_leipzig,11/14/2011,CDU
2011_leipzig,11/14/2011,CDU
2011_leipzig,11/14/2011,CDU
2011_leipzig,11/14/2011,CDU
2011_leipzig,11/14/2011,CDU
2011_leipzig,11/14/2011,CDU
2011_leipzig,11/14/2011,CDU
2011_leipzig,11/14/2011,CDU
2011_leipzig,11/14/2011,CDU
2011_leipzig,11/14/2011,CDU
2011_leipzig,11/14/2011,CDU
2011_leipzig,11/14/2011,CDU
2011_leipzig,11/14/2011,CDU
2011_leipzig,11/14/2011,CDU
2011_leipzig,11/14/2011,CDU
2011_leipzig,11/14/2011,CDU
2011_leipzig,11/14/2011,CDU
2011_leipzig,11/14/2011,CDU
2011_leipzig,11/14/2011,CDU
2011_leipzig,11/14/2011,CDU
2011_leipzig,11/14/2011,CDU
2011_leipzig,11/14/2011,CDU
2011_leipzig,11/14/2011,CDU
2011_leipzig,11/14/2011,CDU
2011_leipzig,11/14/2011,CDU
2011_leipzig,11/14/2011,CDU
2011_leipzig,11/14/2011,CDU
2011_leipzig,11/14/2011,CDU
2011_leipzig,11/14/2011,CDU
2011_leipzig,11/14/2011,CDU
2011_leipzig,11/14/2011,CDU
2011_leipzig,11/14/2011,CDU
2011_leipzig,11/14/2011,CDU
2011_leipzig,11/14/2011,CDU
2011_leipzig,11/14/2011,CDU
2011_leipzig,11/14/2011,CDU
2011_leipzig,11/14/2011,CDU
2011_leipzig,11/14/2011,CDU
2011_leipzig,11/14/2011,CDU
2011_leipzig,11/14/2011,CDU
2011_leipzig,11/14/2011,CDU
2011_leipzig,11/14/2011,CDU
2011_leipzig,11/14/2011,CDU
2011_leipzig,11/14/2011,CDU
2011_leipzig,11/14/2011,CDU
2011_leipzig,11/14/2011,CDU
2011_leipzig,11/14/2011,CDU
2011_leipzig,11/14/2011,CDU
2011_leipzig,11/14/2011,CDU
2011_leipzig,11/14/2011,CDU
2011_leipzig,11/14/2011,CDU
2011_leipzig,11/14/2011,CDU
2011_leipzig,11/14/2011,CDU
2011_leipzig,11/14/2011,CDU
2011_leipzig,11/14/2011,CDU
2011_leipzig,11/14/2011,CDU
2011_leipzig,11/14/2011,CDU
2011_leipzig,11/14/2011,CDU
2011_leipzig,11/14/2011,CDU
2011_leipzig,11/14/2011,CDU
2011_leipzig,11/14/2011,CDU
2012_hannover,12/3/2011,CDU
2012_hannover,12/3/2011,CDU
2012_hannover,12/3/2011,CDU
2012_hannover,12/3/2011,CDU
2012_hannover,12/3/2011,CDU
2012_hannover,12/3/2011,CDU
2012_hannover,12/3/2011,CDU
2012_hannover,12/3/2011,CDU
2012_hannover,12/3/2011,CDU
2012_hannover,12/3/2011,CDU
2012_hannover,12/3/2011,CDU
2012_hannover,12/3/2011,CDU
2012_hannover,12/3/2011,CDU
2012_hannover,12/3/2011,CDU
2012_hannover,12/3/2011,CDU
2012_hannover,12/3/2011,CDU
2012_hannover,12/3/2011,CDU
2012_hannover,12/3/2011,CDU
2012_hannover,12/3/2011,CDU
2012_hannover,12/3/2011,CDU
2012_hannover,12/3/2011,CDU
2012_hannover,12/3/2011,CDU
2012_hannover,12/3/2011,CDU
2012_hannover,12/3/2011,CDU
2012_hannover,12/3/2011,CDU
2012_hannover,12/3/2011,CDU
2012_hannover,12/3/2011,CDU
2012_hannover,12/3/2011,CDU
2012_hannover,12/3/2011,CDU
2012_hannover,12/3/2011,CDU
2012_hannover,12/3/2011,CDU
2012_hannover,12/3/2011,CDU
2012_hannover,12/3/2011,CDU
2012_hannover,12/3/2011,CDU
2012_hannover,12/3/2011,CDU
2012_hannover,12/3/2011,CDU
2012_hannover,12/3/2011,CDU
2012_hannover,12/3/2011,CDU
2012_hannover,12/3/2011,CDU
2012_hannover,12/3/2011,CDU
2012_hannover,12/3/2011,CDU
2012_hannover,12/3/2011,CDU
2012_hannover,12/3/2011,CDU
2012_hannover,12/3/2011,CDU
2012_hannover,12/3/2011,CDU
2012_hannover,12/3/2011,CDU
2012_hannover,12/3/2011,CDU
2012_hannover,12/3/2011,CDU
2012_hannover,12/3/2011,CDU
2012_hannover,12/3/2011,CDU
2012_hannover,12/3/2011,CDU
2012_hannover,12/3/2011,CDU
2012_hannover,12/3/2011,CDU
2012_hannover,12/3/2011,CDU
2012_hannover,12/3/2011,CDU
2012_hannover,12/3/2011,CDU
2012_hannover,12/3/2011,CDU
2012_hannover,12/3/2011,CDU
2012_hannover,12/3/2011,CDU
2012_hannover,12/3/2011,CDU
2012_hannover,12/3/2011,CDU
2012_hannover,12/3/2011,CDU
2012_hannover,12/3/2011,CDU
2012_hannover,12/3/2011,CDU
2012_hannover,12/3/2011,CDU
2012_hannover,12/3/2011,CDU
2012_hannover,12/3/2011,CDU
2012_hannover,12/3/2011,CDU
2012_hannover,12/3/2011,CDU
2012_hannover,12/3/2011,CDU
2012_hannover,12/3/2011,CDU
2012_hannover,12/3/2011,CDU
2012_hannover,12/3/2011,CDU
2012_hannover,12/3/2011,CDU
2012_hannover,12/3/2011,CDU
2012_hannover,12/3/2011,CDU
2012_hannover,12/3/2011,CDU
2012_hannover,12/3/2011,CDU
2012_hannover,12/3/2011,CDU
2012_hannover,12/3/2011,CDU
2012_hannover,12/3/2011,CDU
2012_hannover,12/3/2011,CDU
2012_hannover,12/3/2011,CDU
2012_hannover,12/3/2011,CDU
2012_hannover,12/3/2011,CDU
2012_hannover,12/3/2011,CDU
2012_hannover,12/3/2011,CDU
2012_hannover,12/3/2011,CDU
2012_hannover,12/3/2011,CDU
2012_hannover,12/3/2011,CDU
2012_hannover,12/3/2011,CDU
2012_hannover,12/3/2011,CDU
2012_hannover,12/3/2011,CDU
2012_hannover,12/3/2011,CDU
2012_hannover,12/3/2011,CDU
2012_hannover,12/3/2011,CDU
2012_hannover,12/3/2011,CDU
2012_hannover,12/3/2011,CDU
2012_hannover,12/3/2011,CDU
2012_hannover,12/3/2011,CDU
2012_hannover,12/3/2011,CDU
2012_hannover,12/3/2011,CDU
2002_Berlin,6/2/2002,SPD
2002_Berlin,6/2/2002,SPD
2002_Berlin,6/2/2002,SPD
2002_Berlin,6/2/2002,SPD
2002_Berlin,6/2/2002,SPD
2002_Berlin,6/2/2002,SPD
2002_Berlin,6/2/2002,SPD
2002_Berlin,6/2/2002,SPD
2002_Berlin,6/2/2002,SPD
2002_Berlin,6/2/2002,SPD
2002_Berlin,6/2/2002,SPD
2002_Berlin,6/2/2002,SPD
2002_Berlin,6/2/2002,SPD
2002_Berlin,6/2/2002,SPD
2002_Berlin,6/2/2002,SPD
2002_Berlin,6/2/2002,SPD
2002_Berlin,6/2/2002,SPD
2002_Berlin,6/2/2002,SPD
2002_Berlin,6/2/2002,SPD
2002_Berlin,6/2/2002,SPD
2002_Berlin,6/2/2002,SPD
2002_Berlin,6/2/2002,SPD
2002_Berlin,6/2/2002,SPD
2002_Berlin,6/2/2002,SPD
2002_Berlin,6/2/2002,SPD
2002_Berlin,6/2/2002,SPD
2003_Berlin,6/1/2003,SPD
2003_Berlin,6/1/2003,SPD
2003_Berlin,6/1/2003,SPD
2003_Berlin,6/1/2003,SPD
2003_Berlin,6/1/2003,SPD
2003_Berlin,6/1/2003,SPD
2003_Berlin,6/1/2003,SPD
2003_Berlin,6/1/2003,SPD
2003_Berlin,6/1/2003,SPD
2003_Berlin,6/1/2003,SPD
2003_Berlin,6/1/2003,SPD
2003_Berlin,6/1/2003,SPD
2003_Berlin,6/1/2003,SPD
2003_Berlin,6/1/2003,SPD
2003_Berlin,6/1/2003,SPD
2003_Berlin,6/1/2003,SPD
2003_Berlin,6/1/2003,SPD
2003_Berlin,6/1/2003,SPD
2003_Berlin,6/1/2003,SPD
2003_Berlin,6/1/2003,SPD
2003_Berlin,6/1/2003,SPD
2003_Berlin,6/1/2003,SPD
2003_Berlin,6/1/2003,SPD
2003_Berlin,6/1/2003,SPD
2003_Berlin,6/1/2003,SPD
2003_Berlin,6/1/2003,SPD
2003_Berlin,6/1/2003,SPD
2003_Berlin,6/1/2003,SPD
2003_Berlin,6/1/2003,SPD
2003_Berlin,6/1/2003,SPD
2003_Berlin,6/1/2003,SPD
2003_Berlin,6/1/2003,SPD
2003_Berlin,6/1/2003,SPD
2003_Berlin,6/1/2003,SPD
2003_Berlin,6/1/2003,SPD
2003_Berlin,6/1/2003,SPD
2003_Berlin,6/1/2003,SPD
2003_Berlin,6/1/2003,SPD
2003_Berlin,6/1/2003,SPD
2003_Berlin,6/1/2003,SPD
2003_Berlin,6/1/2003,SPD
2003_Berlin,6/1/2003,SPD
2003_Berlin,6/1/2003,SPD
2003_Berlin,6/1/2003,SPD
2003_Berlin,6/1/2003,SPD
2003_Bochum,11/17/2003,SPD
2003_Bochum,11/17/2003,SPD
2003_Bochum,11/17/2003,SPD
2003_Bochum,11/17/2003,SPD
2003_Bochum,11/17/2003,SPD
2003_Bochum,11/17/2003,SPD
2003_Bochum,11/17/2003,SPD
2003_Bochum,11/17/2003,SPD
2003_Bochum,11/17/2003,SPD
2003_Bochum,11/17/2003,SPD
2003_Bochum,11/17/2003,SPD
2003_Bochum,11/17/2003,SPD
2003_Bochum,11/17/2003,SPD
2003_Bochum,11/17/2003,SPD
2003_Bochum,11/17/2003,SPD
2003_Bochum,11/17/2003,SPD
2003_Bochum,11/17/2003,SPD
2003_Bochum,11/17/2003,SPD
2003_Bochum,11/17/2003,SPD
2003_Bochum,11/17/2003,SPD
2003_Bochum,11/17/2003,SPD
2003_Bochum,11/17/2003,SPD
2003_Bochum,11/17/2003,SPD
2003_Bochum,11/17/2003,SPD
2003_Bochum,11/17/2003,SPD
2003_Bochum,11/17/2003,SPD
2003_Bochum,11/17/2003,SPD
2003_Bochum,11/17/2003,SPD
2003_Bochum,11/17/2003,SPD
2003_Bochum,11/17/2003,SPD
2003_Bochum,11/17/2003,SPD
2003_Bochum,11/17/2003,SPD
2003_Bochum,11/17/2003,SPD
2003_Bochum,11/17/2003,SPD
2003_Bochum,11/17/2003,SPD
2003_Bochum,11/17/2003,SPD
2003_Bochum,11/17/2003,SPD
2003_Bochum,11/17/2003,SPD
2003_Bochum,11/17/2003,SPD
2003_Bochum,11/17/2003,SPD
2003_Bochum,11/17/2003,SPD
2003_Bochum,11/17/2003,SPD
2003_Bochum,11/17/2003,SPD
2003_Bochum,11/17/2003,SPD
2003_Bochum,11/17/2003,SPD
2003_Bochum,11/17/2003,SPD
2003_Bochum,11/17/2003,SPD
2003_Bochum,11/17/2003,SPD
2003_Bochum,11/17/2003,SPD
2003_Bochum,11/17/2003,SPD
2003_Bochum,11/17/2003,SPD
2003_Bochum,11/17/2003,SPD
2003_Bochum,11/17/2003,SPD
2003_Bochum,11/17/2003,SPD
2003_Bochum,11/17/2003,SPD
2003_Bochum,11/17/2003,SPD
2003_Bochum,11/17/2003,SPD
2003_Bochum,11/17/2003,SPD
2003_Bochum,11/17/2003,SPD
2003_Bochum,11/17/2003,SPD
2003_Bochum,11/17/2003,SPD
2003_Bochum,11/17/2003,SPD
2003_Bochum,11/17/2003,SPD
2003_Bochum,11/17/2003,SPD
2003_Bochum,11/17/2003,SPD
2003_Bochum,11/17/2003,SPD
2003_Bochum,11/17/2003,SPD
2003_Bochum,11/17/2003,SPD
2003_Bochum,11/17/2003,SPD
2003_Bochum,11/17/2003,SPD
2003_Bochum,11/17/2003,SPD
2003_Bochum,11/17/2003,SPD
2003_Bochum,11/17/2003,SPD
2003_Bochum,11/17/2003,SPD
2003_Bochum,11/17/2003,SPD
2003_Bochum,11/17/2003,SPD
2003_Bochum,11/17/2003,SPD
2003_Bochum,11/17/2003,SPD
2003_Bochum,11/17/2003,SPD
2003_Bochum,11/17/2003,SPD
2003_Bochum,11/17/2003,SPD
2003_Bochum,11/17/2003,SPD
2003_Bochum,11/17/2003,SPD
2003_Bochum,11/17/2003,SPD
2003_Bochum,11/17/2003,SPD
2003_Bochum,11/17/2003,SPD
2003_Bochum,11/17/2003,SPD
2003_Bochum,11/17/2003,SPD
2003_Bochum,11/17/2003,SPD
2003_Bochum,11/17/2003,SPD
2003_Bochum,11/17/2003,SPD
2003_Bochum,11/17/2003,SPD
2003_Bochum,11/17/2003,SPD
2003_Bochum,11/17/2003,SPD
2003_Bochum,11/17/2003,SPD
2003_Bochum,11/17/2003,SPD
2003_Bochum,11/17/2003,SPD
2003_Bochum,11/17/2003,SPD
2003_Bochum,11/17/2003,SPD
2003_Bochum,11/17/2003,SPD
2003_Bochum,11/17/2003,SPD
2003_Bochum,11/17/2003,SPD
2003_Bochum,11/17/2003,SPD
2003_Bochum,11/17/2003,SPD
2003_Bochum,11/17/2003,SPD
2003_Bochum,11/17/2003,SPD
2003_Bochum,11/17/2003,SPD
2003_Bochum,11/17/2003,SPD
2003_Bochum,11/17/2003,SPD
2003_Bochum,11/17/2003,SPD
2003_Bochum,11/17/2003,SPD
2003_Bochum,11/17/2003,SPD
2003_Bochum,11/17/2003,SPD
2003_Bochum,11/17/2003,SPD
2003_Bochum,11/17/2003,SPD
2003_Bochum,11/17/2003,SPD
2003_Bochum,11/17/2003,SPD
2003_Bochum,11/17/2003,SPD
2003_Bochum,11/17/2003,SPD
2003_Bochum,11/17/2003,SPD
2003_Bochum,11/17/2003,SPD
2003_Bochum,11/17/2003,SPD
2003_Bochum,11/17/2003,SPD
2003_Bochum,11/17/2003,SPD
2003_Bochum,11/17/2003,SPD
2003_Bochum,11/17/2003,SPD
2003_Bochum,11/17/2003,SPD
2003_Bochum,11/17/2003,SPD
2003_Bochum,11/17/2003,SPD
2003_Bochum,11/17/2003,SPD
2003_Bochum,11/17/2003,SPD
2003_Bochum,11/17/2003,SPD
2003_Bochum,11/17/2003,SPD
2003_Bochum,11/17/2003,SPD
2003_Bochum,11/17/2003,SPD
2003_Bochum,11/17/2003,SPD
2003_Bochum,11/17/2003,SPD
2003_Bochum,11/17/2003,SPD
2003_Bochum,11/17/2003,SPD
2003_Bochum,11/17/2003,SPD
2003_Bochum,11/17/2003,SPD
2003_Bochum,11/17/2003,SPD
2004_Berlin,3/21/2004,SPD
2004_Berlin,3/21/2004,SPD
2004_Berlin,3/21/2004,SPD
2004_Berlin,3/21/2004,SPD
2004_Berlin,3/21/2004,SPD
2004_Berlin,3/21/2004,SPD
2004_Berlin,3/21/2004,SPD
2004_Berlin,3/21/2004,SPD
2004_Berlin,3/21/2004,SPD
2004_Berlin,3/21/2004,SPD
2004_Berlin,3/21/2004,SPD
2004_Berlin,3/21/2004,SPD
2004_Berlin,3/21/2004,SPD
2004_Berlin,3/21/2004,SPD
2004_Berlin,3/21/2004,SPD
2004_Berlin,3/21/2004,SPD
2004_Berlin,3/21/2004,SPD
2004_Berlin,3/21/2004,SPD
2004_Berlin,3/21/2004,SPD
2004_Berlin,3/21/2004,SPD
2004_Berlin,3/21/2004,SPD
2005_Karlsruhe,11/14/2005,SPD
2005_Karlsruhe,11/14/2005,SPD
2005_Karlsruhe,11/14/2005,SPD
2005_Karlsruhe,11/14/2005,SPD
2005_Karlsruhe,11/14/2005,SPD
2005_Karlsruhe,11/14/2005,SPD
2005_Karlsruhe,11/14/2005,SPD
2005_Karlsruhe,11/14/2005,SPD
2005_Karlsruhe,11/14/2005,SPD
2005_Karlsruhe,11/14/2005,SPD
2005_Karlsruhe,11/14/2005,SPD
2005_Karlsruhe,11/14/2005,SPD
2005_Karlsruhe,11/14/2005,SPD
2005_Karlsruhe,11/14/2005,SPD
2005_Karlsruhe,11/14/2005,SPD
2005_Karlsruhe,11/14/2005,SPD
2005_Karlsruhe,11/14/2005,SPD
2005_Karlsruhe,11/14/2005,SPD
2005_Karlsruhe,11/14/2005,SPD
2005_Karlsruhe,11/14/2005,SPD
2005_Karlsruhe,11/14/2005,SPD
2005_Karlsruhe,11/14/2005,SPD
2005_Karlsruhe,11/14/2005,SPD
2005_Karlsruhe,11/14/2005,SPD
2005_Karlsruhe,11/14/2005,SPD
2005_Karlsruhe,11/14/2005,SPD
2005_Karlsruhe,11/14/2005,SPD
2005_Karlsruhe,11/14/2005,SPD
2005_Karlsruhe,11/14/2005,SPD
2005_Karlsruhe,11/14/2005,SPD
2005_Karlsruhe,11/14/2005,SPD
2005_Karlsruhe,11/14/2005,SPD
2005_Karlsruhe,11/14/2005,SPD
2005_Karlsruhe,11/14/2005,SPD
2005_Karlsruhe,11/14/2005,SPD
2005_Karlsruhe,11/14/2005,SPD
2005_Karlsruhe,11/14/2005,SPD
2005_Karlsruhe,11/14/2005,SPD
2005_Karlsruhe,11/14/2005,SPD
2005_Karlsruhe,11/14/2005,SPD
2005_Karlsruhe,11/14/2005,SPD
2005_Karlsruhe,11/14/2005,SPD
2005_Karlsruhe,11/14/2005,SPD
2005_Karlsruhe,11/14/2005,SPD
2005_Karlsruhe,11/14/2005,SPD
2005_Karlsruhe,11/14/2005,SPD
2005_Karlsruhe,11/14/2005,SPD
2005_Karlsruhe,11/14/2005,SPD
2005_Karlsruhe,11/14/2005,SPD
2005_Karlsruhe,11/14/2005,SPD
2005_Karlsruhe,11/14/2005,SPD
2005_Karlsruhe,11/14/2005,SPD
2005_Karlsruhe,11/14/2005,SPD
2005_Karlsruhe,11/14/2005,SPD
2005_Karlsruhe,11/14/2005,SPD
2005_Karlsruhe,11/14/2005,SPD
2005_Karlsruhe,11/14/2005,SPD
2005_Karlsruhe,11/14/2005,SPD
2005_Karlsruhe,11/14/2005,SPD
2005_Karlsruhe,11/14/2005,SPD
2005_Karlsruhe,11/14/2005,SPD
2005_Karlsruhe,11/14/2005,SPD
2005_Karlsruhe,11/14/2005,SPD
2005_Karlsruhe,11/14/2005,SPD
2005_Karlsruhe,11/14/2005,SPD
2005_Karlsruhe,11/14/2005,SPD
2005_Karlsruhe,11/14/2005,SPD
2005_Karlsruhe,11/14/2005,SPD
2005_Karlsruhe,11/14/2005,SPD
2005_Karlsruhe,11/14/2005,SPD
2005_Karlsruhe,11/14/2005,SPD
2005_Karlsruhe,11/14/2005,SPD
2005_Karlsruhe,11/14/2005,SPD
2005_Karlsruhe,11/14/2005,SPD
2005_Karlsruhe,11/14/2005,SPD
2005_Karlsruhe,11/14/2005,SPD
2005_Karlsruhe,11/14/2005,SPD
2005_Karlsruhe,11/14/2005,SPD
2005_Karlsruhe,11/14/2005,SPD
2005_Karlsruhe,11/14/2005,SPD
2005_Karlsruhe,11/14/2005,SPD
2005_Karlsruhe,11/14/2005,SPD
2005_Karlsruhe,11/14/2005,SPD
2005_Karlsruhe,11/14/2005,SPD
2006_Berlin,5/14/2006,SPD
2006_Berlin,5/14/2006,SPD
2006_Berlin,5/14/2006,SPD
2006_Berlin,5/14/2006,SPD
2006_Berlin,5/14/2006,SPD
2006_Berlin,5/14/2006,SPD
2006_Berlin,5/14/2006,SPD
2006_Berlin,5/14/2006,SPD
2006_Berlin,5/14/2006,SPD
2006_Berlin,5/14/2006,SPD
2007_Hamburg,10/26/2007,SPD
2007_Hamburg,10/26/2007,SPD
2007_Hamburg,10/26/2007,SPD
2007_Hamburg,10/26/2007,SPD
2007_Hamburg,10/26/2007,SPD
2007_Hamburg,10/26/2007,SPD
2007_Hamburg,10/26/2007,SPD
2007_Hamburg,10/26/2007,SPD
2007_Hamburg,10/26/2007,SPD
2007_Hamburg,10/26/2007,SPD
2007_Hamburg,10/26/2007,SPD
2007_Hamburg,10/26/2007,SPD
2007_Hamburg,10/26/2007,SPD
2007_Hamburg,10/26/2007,SPD
2007_Hamburg,10/26/2007,SPD
2007_Hamburg,10/26/2007,SPD
2007_Hamburg,10/26/2007,SPD
2007_Hamburg,10/26/2007,SPD
2007_Hamburg,10/26/2007,SPD
2007_Hamburg,10/26/2007,SPD
2007_Hamburg,10/26/2007,SPD
2007_Hamburg,10/26/2007,SPD
2007_Hamburg,10/26/2007,SPD
2007_Hamburg,10/26/2007,SPD
2007_Hamburg,10/26/2007,SPD
2007_Hamburg,10/26/2007,SPD
2007_Hamburg,10/26/2007,SPD
2007_Hamburg,10/26/2007,SPD
2007_Hamburg,10/26/2007,SPD
2007_Hamburg,10/26/2007,SPD
2007_Hamburg,10/26/2007,SPD
2007_Hamburg,10/26/2007,SPD
2007_Hamburg,10/26/2007,SPD
2007_Hamburg,10/26/2007,SPD
2007_Hamburg,10/26/2007,SPD
2007_Hamburg,10/26/2007,SPD
2007_Hamburg,10/26/2007,SPD
2007_Hamburg,10/26/2007,SPD
2007_Hamburg,10/26/2007,SPD
2007_Hamburg,10/26/2007,SPD
2007_Hamburg,10/26/2007,SPD
2007_Hamburg,10/26/2007,SPD
2007_Hamburg,10/26/2007,SPD
2007_Hamburg,10/26/2007,SPD
2007_Hamburg,10/26/2007,SPD
2007_Hamburg,10/26/2007,SPD
2007_Hamburg,10/26/2007,SPD
2007_Hamburg,10/26/2007,SPD
2007_Hamburg,10/26/2007,SPD
2007_Hamburg,10/26/2007,SPD
2007_Hamburg,10/26/2007,SPD
2007_Hamburg,10/26/2007,SPD
2007_Hamburg,10/26/2007,SPD
2007_Hamburg,10/26/2007,SPD
2007_Hamburg,10/26/2007,SPD
2007_Hamburg,10/26/2007,SPD
2007_Hamburg,10/26/2007,SPD
2007_Hamburg,10/26/2007,SPD
2007_Hamburg,10/26/2007,SPD
2007_Hamburg,10/26/2007,SPD
2007_Hamburg,10/26/2007,SPD
2007_Hamburg,10/26/2007,SPD
2007_Hamburg,10/26/2007,SPD
2007_Hamburg,10/26/2007,SPD
2007_Hamburg,10/26/2007,SPD
2007_Hamburg,10/26/2007,SPD
2007_Hamburg,10/26/2007,SPD
2007_Hamburg,10/26/2007,SPD
2007_Hamburg,10/26/2007,SPD
2007_Hamburg,10/26/2007,SPD
2007_Hamburg,10/26/2007,SPD
2007_Hamburg,10/26/2007,SPD
2007_Hamburg,10/26/2007,SPD
2007_Hamburg,10/26/2007,SPD
2007_Hamburg,10/26/2007,SPD
2007_Hamburg,10/26/2007,SPD
2007_Hamburg,10/26/2007,SPD
2007_Hamburg,10/26/2007,SPD
2007_Hamburg,10/26/2007,SPD
2007_Hamburg,10/26/2007,SPD
2007_Hamburg,10/26/2007,SPD
2007_Hamburg,10/26/2007,SPD
2007_Hamburg,10/26/2007,SPD
2007_Hamburg,10/26/2007,SPD
2007_Hamburg,10/26/2007,SPD
2007_Hamburg,10/26/2007,SPD
2007_Hamburg,10/26/2007,SPD
2007_Hamburg,10/26/2007,SPD
2007_Hamburg,10/26/2007,SPD
2007_Hamburg,10/26/2007,SPD
2007_Hamburg,10/26/2007,SPD
2007_Hamburg,10/26/2007,SPD
2007_Hamburg,10/26/2007,SPD
2007_Hamburg,10/26/2007,SPD
2007_Hamburg,10/26/2007,SPD
2007_Hamburg,10/26/2007,SPD
2007_Hamburg,10/26/2007,SPD
2007_Hamburg,10/26/2007,SPD
2007_Hamburg,10/26/2007,SPD
2007_Hamburg,10/26/2007,SPD
2007_Hamburg,10/26/2007,SPD
2007_Hamburg,10/26/2007,SPD
2007_Hamburg,10/26/2007,SPD
2007_Hamburg,10/26/2007,SPD
2007_Hamburg,10/26/2007,SPD
2007_Hamburg,10/26/2007,SPD
2007_Hamburg,10/26/2007,SPD
2007_Hamburg,10/26/2007,SPD
2007_Hamburg,10/26/2007,SPD
2007_Hamburg,10/26/2007,SPD
2007_Hamburg,10/26/2007,SPD
2007_Hamburg,10/26/2007,SPD
2007_Hamburg,10/26/2007,SPD
2007_Hamburg,10/26/2007,SPD
2007_Hamburg,10/26/2007,SPD
2007_Hamburg,10/26/2007,SPD
2007_Hamburg,10/26/2007,SPD
2007_Hamburg,10/26/2007,SPD
2007_Hamburg,10/26/2007,SPD
2007_Hamburg,10/26/2007,SPD
2007_Hamburg,10/26/2007,SPD
2007_Hamburg,10/26/2007,SPD
2007_Hamburg,10/26/2007,SPD
2007_Hamburg,10/26/2007,SPD
2007_Hamburg,10/26/2007,SPD
2007_Hamburg,10/26/2007,SPD
2007_Hamburg,10/26/2007,SPD
2007_Hamburg,10/26/2007,SPD
2007_Hamburg,10/26/2007,SPD
2007_Hamburg,10/26/2007,SPD
2007_Hamburg,10/26/2007,SPD
2007_Hamburg,10/26/2007,SPD
2007_Hamburg,10/26/2007,SPD
2007_Hamburg,10/26/2007,SPD
2007_Hamburg,10/26/2007,SPD
2007_Hamburg,10/26/2007,SPD
2008_Berlin,10/18/2008,SPD
2008_Berlin,10/18/2008,SPD
2008_Berlin,10/18/2008,SPD
2008_Berlin,10/18/2008,SPD
2008_Berlin,10/18/2008,SPD
2008_Berlin,10/18/2008,SPD
2008_Berlin,10/18/2008,SPD
2008_Berlin,10/18/2008,SPD
2008_Berlin,10/18/2008,SPD
2008_Berlin,10/18/2008,SPD
2008_Berlin,10/18/2008,SPD
2008_Berlin,10/18/2008,SPD
2008_Berlin,10/18/2008,SPD
2008_Berlin,10/18/2008,SPD
2008_Berlin,10/18/2008,SPD
2008_Berlin,10/18/2008,SPD
2008_Berlin,10/18/2008,SPD
2008_Berlin,10/18/2008,SPD
2008_Berlin,10/18/2008,SPD
2009_Dresden,11/13/2009,SPD
2009_Dresden,11/13/2009,SPD
2009_Dresden,11/13/2009,SPD
2009_Dresden,11/13/2009,SPD
2009_Dresden,11/13/2009,SPD
2009_Dresden,11/13/2009,SPD
2009_Dresden,11/13/2009,SPD
2009_Dresden,11/13/2009,SPD
2009_Dresden,11/13/2009,SPD
2009_Dresden,11/13/2009,SPD
2009_Dresden,11/13/2009,SPD
2009_Dresden,11/13/2009,SPD
2009_Dresden,11/13/2009,SPD
2009_Dresden,11/13/2009,SPD
2009_Dresden,11/13/2009,SPD
2009_Dresden,11/13/2009,SPD
2009_Dresden,11/13/2009,SPD
2009_Dresden,11/13/2009,SPD
2009_Dresden,11/13/2009,SPD
2009_Dresden,11/13/2009,SPD
2009_Dresden,11/13/2009,SPD
2009_Dresden,11/13/2009,SPD
2009_Dresden,11/13/2009,SPD
2009_Dresden,11/13/2009,SPD
2009_Dresden,11/13/2009,SPD
2009_Dresden,11/13/2009,SPD
2009_Dresden,11/13/2009,SPD
2009_Dresden,11/13/2009,SPD
2009_Dresden,11/13/2009,SPD
2009_Dresden,11/13/2009,SPD
2009_Dresden,11/13/2009,SPD
2009_Dresden,11/13/2009,SPD
2009_Dresden,11/13/2009,SPD
2009_Dresden,11/13/2009,SPD
2009_Dresden,11/13/2009,SPD
2009_Dresden,11/13/2009,SPD
2009_Dresden,11/13/2009,SPD
2009_Dresden,11/13/2009,SPD
2009_Dresden,11/13/2009,SPD
2009_Dresden,11/13/2009,SPD
2009_Dresden,11/13/2009,SPD
2009_Dresden,11/13/2009,SPD
2009_Dresden,11/13/2009,SPD
2009_Dresden,11/13/2009,SPD
2009_Dresden,11/13/2009,SPD
2009_Dresden,11/13/2009,SPD
2009_Dresden,11/13/2009,SPD
2009_Dresden,11/13/2009,SPD
2009_Dresden,11/13/2009,SPD
2009_Dresden,11/13/2009,SPD
2009_Dresden,11/13/2009,SPD
2009_Dresden,11/13/2009,SPD
2009_Dresden,11/13/2009,SPD
2009_Dresden,11/13/2009,SPD
2009_Dresden,11/13/2009,SPD
2009_Dresden,11/13/2009,SPD
2009_Dresden,11/13/2009,SPD
2009_Dresden,11/13/2009,SPD
2009_Dresden,11/13/2009,SPD
2009_Dresden,11/13/2009,SPD
2009_Dresden,11/13/2009,SPD
2009_Dresden,11/13/2009,SPD
2009_Dresden,11/13/2009,SPD
2009_Dresden,11/13/2009,SPD
2009_Dresden,11/13/2009,SPD
2009_Dresden,11/13/2009,SPD
2009_Dresden,11/13/2009,SPD
2009_Dresden,11/13/2009,SPD
2009_Dresden,11/13/2009,SPD
2009_Dresden,11/13/2009,SPD
2009_Dresden,11/13/2009,SPD
2009_Dresden,11/13/2009,SPD
2009_Dresden,11/13/2009,SPD
2009_Dresden,11/13/2009,SPD
2009_Dresden,11/13/2009,SPD
2009_Dresden,11/13/2009,SPD
2009_Dresden,11/13/2009,SPD
2009_Dresden,11/13/2009,SPD
2009_Dresden,11/13/2009,SPD
2009_Dresden,11/13/2009,SPD
2009_Dresden,11/13/2009,SPD
2009_Dresden,11/13/2009,SPD
2009_Dresden,11/13/2009,SPD
2009_Dresden,11/13/2009,SPD
2009_Dresden,11/13/2009,SPD
2009_Dresden,11/13/2009,SPD
2009_Dresden,11/13/2009,SPD
2009_Dresden,11/13/2009,SPD
2009_Dresden,11/13/2009,SPD
2009_Dresden,11/13/2009,SPD
2009_Dresden,11/13/2009,SPD
2009_Dresden,11/13/2009,SPD
2009_Dresden,11/13/2009,SPD
2009_Dresden,11/13/2009,SPD
2009_Dresden,11/13/2009,SPD
2009_Dresden,11/13/2009,SPD
2009_Dresden,11/13/2009,SPD
2009_Dresden,11/13/2009,SPD
2009_Dresden,11/13/2009,SPD
2009_Dresden,11/13/2009,SPD
2009_Dresden,11/13/2009,SPD
2009_Dresden,11/13/2009,SPD
2009_Dresden,11/13/2009,SPD
2009_Dresden,11/13/2009,SPD
2009_Dresden,11/13/2009,SPD
2009_Dresden,11/13/2009,SPD
2009_Dresden,11/13/2009,SPD
2009_Dresden,11/13/2009,SPD
2009_Dresden,11/13/2009,SPD
2009_Dresden,11/13/2009,SPD
2009_Dresden,11/13/2009,SPD
2009_Dresden,11/13/2009,SPD
2009_Dresden,11/13/2009,SPD
2009_Dresden,11/13/2009,SPD
2009_Dresden,11/13/2009,SPD
2009_Dresden,11/13/2009,SPD
2009_Dresden,11/13/2009,SPD
2009_Dresden,11/13/2009,SPD
2009_Dresden,11/13/2009,SPD
2009_Dresden,11/13/2009,SPD
2009_Dresden,11/13/2009,SPD
2009_Dresden,11/13/2009,SPD
2009_Dresden,11/13/2009,SPD
2009_Dresden,11/13/2009,SPD
2009_Dresden,11/13/2009,SPD
2009_Dresden,11/13/2009,SPD
2009_Dresden,11/13/2009,SPD
2009_Dresden,11/13/2009,SPD
2009_Dresden,11/13/2009,SPD
2009_Dresden,11/13/2009,SPD
2009_Dresden,11/13/2009,SPD
2009_Dresden,11/13/2009,SPD
2010_Berlin,12/4/2011,SPD
2010_Berlin,12/4/2011,SPD
2010_Berlin,12/4/2011,SPD
2010_Berlin,12/4/2011,SPD
2010_Berlin,12/4/2011,SPD
2010_Berlin,12/4/2011,SPD
2010_Berlin,12/4/2011,SPD
2010_Berlin,12/4/2011,SPD
2010_Berlin,12/4/2011,SPD
2010_Berlin,12/4/2011,SPD
2010_Berlin,12/4/2011,SPD
2010_Berlin,12/4/2011,SPD
2010_Berlin,12/4/2011,SPD
2010_Berlin,12/4/2011,SPD
2010_Berlin,12/4/2011,SPD
2010_Berlin,12/4/2011,SPD
2010_Berlin,12/4/2011,SPD
2010_Berlin,12/4/2011,SPD
2010_Berlin,12/4/2011,SPD
2010_Berlin,12/4/2011,SPD
2010_Berlin,12/4/2011,SPD
2010_Berlin,12/4/2011,SPD
2010_Berlin,12/4/2011,SPD
2010_Berlin,12/4/2011,SPD
2010_Berlin,12/4/2011,SPD
2010_Berlin,12/4/2011,SPD
2010_Berlin,12/4/2011,SPD
2010_Berlin,12/4/2011,SPD
2010_Berlin,12/4/2011,SPD
2011_Berlin,12/4/2011,SPD
2011_Berlin,12/4/2011,SPD
2011_Berlin,12/4/2011,SPD
2011_Berlin,12/4/2011,SPD
2011_Berlin,12/4/2011,SPD
2011_Berlin,12/4/2011,SPD
2011_Berlin,12/4/2011,SPD
2011_Berlin,12/4/2011,SPD
2011_Berlin,12/4/2011,SPD
2011_Berlin,12/4/2011,SPD
2011_Berlin,12/4/2011,SPD
2011_Berlin,12/4/2011,SPD
2011_Berlin,12/4/2011,SPD
2011_Berlin,12/4/2011,SPD
2011_Berlin,12/4/2011,SPD
2011_Berlin,12/4/2011,SPD
2011_Berlin,12/4/2011,SPD
2011_Berlin,12/4/2011,SPD
2011_Berlin,12/4/2011,SPD
2011_Berlin,12/4/2011,SPD
2011_Berlin,12/4/2011,SPD
2011_Berlin,12/4/2011,SPD
2011_Berlin,12/4/2011,SPD
2011_Berlin,12/4/2011,SPD
2011_Berlin,12/4/2011,SPD
2011_Berlin,12/4/2011,SPD
2011_Berlin,12/4/2011,SPD
2011_Berlin,12/4/2011,SPD
2011_Berlin,12/4/2011,SPD
2011_Berlin,12/4/2011,SPD
2011_Berlin,12/4/2011,SPD
2011_Berlin,12/4/2011,SPD
2011_Berlin,12/4/2011,SPD
2011_Berlin,12/4/2011,SPD
2011_Berlin,12/4/2011,SPD
2011_Berlin,12/4/2011,SPD
2011_Berlin,12/4/2011,SPD
2011_Berlin,12/4/2011,SPD
2011_Berlin,12/4/2011,SPD
2011_Berlin,12/4/2011,SPD
2011_Berlin,12/4/2011,SPD
2011_Berlin,12/4/2011,SPD
2011_Berlin,12/4/2011,SPD
2011_Berlin,12/4/2011,SPD
2011_Berlin,12/4/2011,SPD
2011_Berlin,12/4/2011,SPD
2011_Berlin,12/4/2011,SPD
2011_Berlin,12/4/2011,SPD
2011_Berlin,12/4/2011,SPD
2011_Berlin,12/4/2011,SPD
2011_Berlin,12/4/2011,SPD
2011_Berlin,12/4/2011,SPD
2011_Berlin,12/4/2011,SPD
2011_Berlin,12/4/2011,SPD
2011_Berlin,12/4/2011,SPD
2011_Berlin,12/4/2011,SPD
2011_Berlin,12/4/2011,SPD
2011_Berlin,12/4/2011,SPD
2011_Berlin,12/4/2011,SPD
2011_Berlin,12/4/2011,SPD
2011_Berlin,12/4/2011,SPD
2011_Berlin,12/4/2011,SPD
2011_Berlin,12/4/2011,SPD
2011_Berlin,12/4/2011,SPD
2011_Berlin,12/4/2011,SPD
2011_Berlin,12/4/2011,SPD
2011_Berlin,12/4/2011,SPD
2011_Berlin,12/4/2011,SPD
2011_Berlin,12/4/2011,SPD
2011_Berlin,12/4/2011,SPD
2011_Berlin,12/4/2011,SPD
2011_Berlin,12/4/2011,SPD
2011_Berlin,12/4/2011,SPD
2011_Berlin,12/4/2011,SPD
2011_Berlin,12/4/2011,SPD
2011_Berlin,12/4/2011,SPD
2011_Berlin,12/4/2011,SPD
2011_Berlin,12/4/2011,SPD
2011_Berlin,12/4/2011,SPD
2011_Berlin,12/4/2011,SPD
2011_Berlin,12/4/2011,SPD
2011_Berlin,12/4/2011,SPD
2011_Berlin,12/4/2011,SPD
2011_Berlin,12/4/2011,SPD
2011_Berlin,12/4/2011,SPD
2011_Berlin,12/4/2011,SPD
2011_Berlin,12/4/2011,SPD
2011_Berlin,12/4/2011,SPD
2011_Berlin,12/4/2011,SPD
2011_Berlin,12/4/2011,SPD
2011_Berlin,12/4/2011,SPD
2011_Berlin,12/4/2011,SPD
2011_Berlin,12/4/2011,SPD
2011_Berlin,12/4/2011,SPD
2011_Berlin,12/4/2011,SPD
2011_Berlin,12/4/2011,SPD
2011_Berlin,12/4/2011,SPD
2011_Berlin,12/4/2011,SPD
2011_Berlin,12/4/2011,SPD
2011_Berlin,12/4/2011,SPD
2011_Berlin,12/4/2011,SPD
2011_Berlin,12/4/2011,SPD
2011_Berlin,12/4/2011,SPD
2011_Berlin,12/4/2011,SPD
2011_Berlin,12/4/2011,SPD
2011_Berlin,12/4/2011,SPD
2011_Berlin,12/4/2011,SPD
2011_Berlin,12/4/2011,SPD
2011_Berlin,12/4/2011,SPD
2011_Berlin,12/4/2011,SPD
2011_Berlin,12/4/2011,SPD
2011_Berlin,12/4/2011,SPD
2011_Berlin,12/4/2011,SPD
2011_Berlin,12/4/2011,SPD
2011_Berlin,12/4/2011,SPD
2011_Berlin,12/4/2011,SPD
2011_Berlin,12/4/2011,SPD
2011_Berlin,12/4/2011,SPD
2011_Berlin,12/4/2011,SPD
2011_Berlin,12/4/2011,SPD
2011_Berlin,12/4/2011,SPD
2011_Berlin,12/4/2011,SPD
2011_Berlin,12/4/2011,SPD
2011_Berlin,12/4/2011,SPD
2011_Berlin,12/4/2011,SPD
2011_Berlin,12/4/2011,SPD
2011_Berlin,12/4/2011,SPD
2011_Berlin,12/4/2011,SPD
2011_Berlin,12/4/2011,SPD
2011_Berlin,12/4/2011,SPD
2011_Berlin,12/4/2011,SPD
2011_Berlin,12/4/2011,SPD
2011_Berlin,12/4/2011,SPD
2011_Berlin,12/4/2011,SPD
2011_Berlin,12/4/2011,SPD
2011_Berlin,12/4/2011,SPD
2011_Berlin,12/4/2011,SPD
2011_Berlin,12/4/2011,SPD
2011_Berlin,12/4/2011,SPD
2011_Berlin,12/4/2011,SPD
2011_Berlin,12/4/2011,SPD
2011_Berlin,12/4/2011,SPD
2011_Berlin,12/4/2011,SPD
2011_Berlin,12/4/2011,SPD
2012_Hannover,12/9/2012,SPD
2012_Hannover,12/9/2012,SPD
2012_Hannover,12/9/2012,SPD
2012_Hannover,12/9/2012,SPD
2012_Hannover,12/9/2012,SPD
2012_Hannover,12/9/2012,SPD
2012_Hannover,12/9/2012,SPD
2012_Hannover,12/9/2012,SPD
2012_Hannover,12/9/2012,SPD
2012_Hannover,12/9/2012,SPD
2012_Hannover,12/9/2012,SPD
2012_Hannover,12/9/2012,SPD
2013_Augsburg,4/14/2013,SPD
2013_Augsburg,4/14/2013,SPD
2013_Augsburg,4/14/2013,SPD
2013_Augsburg,4/14/2013,SPD
2013_Augsburg,4/14/2013,SPD
2013_Augsburg,4/14/2013,SPD
2013_Augsburg,4/14/2013,SPD
2013_Augsburg,4/14/2013,SPD
2013_Augsburg,4/14/2013,SPD
2013_Augsburg,4/14/2013,SPD
2013_Augsburg,4/14/2013,SPD
2013_Augsburg,4/14/2013,SPD
2013_Augsburg,4/14/2013,SPD
2013_Augsburg,4/14/2013,SPD
2013_Augsburg,4/14/2013,SPD
2013_Augsburg,4/14/2013,SPD
2013_Augsburg,4/14/2013,SPD
2013_Augsburg,4/14/2013,SPD
2013_Augsburg,4/14/2013,SPD
2013_Augsburg,4/14/2013,SPD
2013_Augsburg,4/14/2013,SPD
2013_Augsburg,4/14/2013,SPD
2013_Augsburg,4/14/2013,SPD
2013_Augsburg,4/14/2013,SPD
2013_Augsburg,4/14/2013,SPD
2013_Augsburg,4/14/2013,SPD
2013_Augsburg,4/14/2013,SPD
2013_Augsburg,4/14/2013,SPD
